-- MariaDB dump 10.18  Distrib 10.5.8-MariaDB, for debian-linux-gnu (x86_64)
--
-- Host: localhost    Database: TENNIS
-- ------------------------------------------------------
-- Server version	10.5.8-MariaDB-1:10.5.8+maria~focal

/*!40101 SET @OLD_CHARACTER_SET_CLIENT=@@CHARACTER_SET_CLIENT */;
/*!40101 SET @OLD_CHARACTER_SET_RESULTS=@@CHARACTER_SET_RESULTS */;
/*!40101 SET @OLD_COLLATION_CONNECTION=@@COLLATION_CONNECTION */;
/*!40101 SET NAMES utf8mb4 */;
/*!40103 SET @OLD_TIME_ZONE=@@TIME_ZONE */;
/*!40103 SET TIME_ZONE='+00:00' */;
/*!40014 SET @OLD_UNIQUE_CHECKS=@@UNIQUE_CHECKS, UNIQUE_CHECKS=0 */;
/*!40014 SET @OLD_FOREIGN_KEY_CHECKS=@@FOREIGN_KEY_CHECKS, FOREIGN_KEY_CHECKS=0 */;
/*!40101 SET @OLD_SQL_MODE=@@SQL_MODE, SQL_MODE='NO_AUTO_VALUE_ON_ZERO' */;
/*!40111 SET @OLD_SQL_NOTES=@@SQL_NOTES, SQL_NOTES=0 */;

--
-- Current Database: `TENNIS`
--

CREATE DATABASE /*!32312 IF NOT EXISTS*/ `TENNIS` /*!40100 DEFAULT CHARACTER SET utf8mb4 */;

USE `TENNIS`;

--
-- Table structure for table `COUNTRIES`
--

DROP TABLE IF EXISTS `COUNTRIES`;
/*!40101 SET @saved_cs_client     = @@character_set_client */;
/*!40101 SET character_set_client = utf8 */;
CREATE TABLE `COUNTRIES` (
  `c_id` varchar(3) NOT NULL,
  `c_name` varchar(100) NOT NULL,
  PRIMARY KEY (`c_id`)
) ENGINE=InnoDB DEFAULT CHARSET=utf8mb4;
/*!40101 SET character_set_client = @saved_cs_client */;

--
-- Dumping data for table `COUNTRIES`
--

LOCK TABLES `COUNTRIES` WRITE;
/*!40000 ALTER TABLE `COUNTRIES` DISABLE KEYS */;
INSERT INTO `COUNTRIES` VALUES ('AFG','Afghanistan'),('AHO','Netherlands Antilles'),('ALB','Albania'),('ALG','Algeria'),('AND','Andorra'),('ANG','Angola'),('ANT','Antigua-Barbuda'),('ARG','Argentina'),('ARM','Armenia'),('ARU','Aruba'),('ASA','American Samoa'),('AUS','Australia'),('AUT','Austria'),('AZE','Azerbaijan'),('BAH','Bahamas'),('BAN','Bangladesh'),('BAR','Barbados'),('BDI','Burundi'),('BEL','Belgium'),('BEN','Benin'),('BER','Bermuda'),('BHU','Bhutan'),('BIH','Bosnia and Herzegovina'),('BIZ','Belize'),('BLR','Belarus'),('BOL','Bolivia'),('BOT','Botswana'),('BRA','Brazil'),('BRN','Bahrain'),('BRU','Brunei Darussalam'),('BUL','Bulgaria'),('BUR','Burkina Faso'),('CAF','Central African Republic'),('CAM','Cambodia'),('CAN','Canada'),('CAY','Cayman Islands'),('CGO','Congo'),('CHA','Chad'),('CHI','Chile'),('CHN','China'),('CIV','Ctttte d Ivoire'),('CMR','Cameroon'),('COD','Democratic Republic of the Congo'),('COK','Cook Islands'),('COL','Colombia'),('COM','Comoros'),('CPV','Cape Verde'),('CRC','Costa Rica'),('CRO','Croatia'),('CUB','Cuba'),('CYP','Cyprus'),('CZE','Czech Republic'),('DEN','Denmark'),('DJI','Djibouti'),('DMA','Dominica'),('DOM','Dominican Republic'),('ECA','Organization of Eastern Caribbean States (OECS) (Davis Cup Entity)'),('ECU','Ecuador'),('EGY','Egypt'),('ERI','Eritrea'),('ESA','El Salvador'),('ESP','Spain'),('EST','Estonia'),('ETH','Ethiopia'),('FIJ','Fiji'),('FIN','Finland'),('FRA','France'),('FSM','Federated States of Micronesia'),('GAB','Gabon'),('GAM','Gambia'),('GBR','Great Britain'),('GBS','Guinea-Bissau'),('GEO','Georgia'),('GEQ','Equatorial Guinea'),('GER','Germany'),('GHA','Ghana'),('GRE','Greece'),('GRN','Grenada'),('GUA','Guatemala'),('GUI','Guinea'),('GUM','Guam'),('GUY','Guyana'),('HAI','Haiti'),('HKG','Hong Kong'),('HON','Honduras'),('HUN','Hungary'),('INA','Indonesia'),('IND','India'),('IRI','Iran'),('IRL','Ireland'),('IRQ','Iraq'),('ISL','Iceland'),('ISR','Israel'),('ISV','Virgin Islands'),('ITA','Italy'),('IVB','British Virgin Islands'),('JAM','Jamaica'),('JOR','Jordan'),('JPN','Japan'),('KAZ','Kazakhstan'),('KEN','Kenya'),('KGZ','Kyrgyzstan'),('KIR','Kiribati'),('KOR','Korea'),('KSA','Saudi Arabia'),('KUW','Kuwait'),('LAO','Laos'),('LAT','Latvia'),('LBA','Libya'),('LBR','Liberia'),('LCA','Saint Lucia'),('LES','Lesotho'),('LIB','Lebanon'),('LIE','Liechtenstein'),('LTU','Lithuania'),('LUX','Luxembourg'),('MAC','Macau'),('MAD','Madagascar'),('MAR','Morocco'),('MAS','Malaysia'),('MAW','Malawi'),('MDA','Moldova'),('MDV','Maldives'),('MEX','Mexico'),('MGL','Mongolia'),('MKD','Macedonia'),('MLI','Mali'),('MLT','Malta'),('MON','Monaco'),('MOZ','Mozambique'),('MRI','Mauritius'),('MSH','Marshall Islands'),('MTN','Mauritania'),('MTQ','Martinique'),('MYA','Myanmar'),('NAM','Namibia'),('NCA','Nicaragua'),('NED','Netherlands'),('NEP','Nepal'),('NGR','Nigeria'),('NIG','Niger'),('NOR','Norway'),('NRU','Nauru'),('NZL','New Zealand'),('OMA','Oman'),('PAK','Pakistan'),('PAN','Panama'),('PAR','Paraguay'),('PER','Peru'),('PHI','Philippines'),('PLE','Palestine'),('PLW','Palau'),('PNG','Papua New Guinea'),('POC','Pacific Oceania (Davis Cup Entity)'),('POL','Poland'),('POR','Portugal'),('PRK','North Korea'),('PUR','Puerto Rico'),('QAT','Qatar'),('ROU','Romania'),('RSA','South Africa'),('RUS','Russia'),('RWA','Rwanda'),('SAM','Samoa'),('SEN','Senegal'),('SER','Serbia and Montenegro'),('SEY','Seychelles'),('SIN','Singapore'),('SKN','Saint Kitts and Nevis'),('SLE','Sierra Leone'),('SLO','Slovenia'),('SMR','San Marino'),('SOL','Solomon Islands'),('SOM','Somalia'),('SRB','Serbia'),('SRI','Sri Lanka'),('STP','Sao Tome and Principe'),('SUD','Sudan'),('SUI','Switzerland'),('SUR','Surinam'),('SVK','Slovakia'),('SWE','Sweden'),('SWZ','Swaziland'),('SYR','Syria'),('TAH','Tahiti'),('TAN','Tanzania'),('TGA','Tonga'),('THA','Thailand'),('TJK','Tajikistan'),('TKM','Turkmenistan'),('TKS','Turks and Caicos Islands'),('TLS','Timor-Leste'),('TOG','Togo'),('TPE','Chinese Taipei'),('TRI','Trinidad-Tobago'),('TUN','Tunisia'),('TUR','Turkey'),('TUV','Tuvalu'),('UAE','United Arab Emirates'),('UGA','Uganda'),('UKR','Ukraine'),('URU','Uruguay'),('USA','United States'),('UZB','Uzbekistan'),('VAN','Vanuatu'),('VEN','Venezuela'),('VIE','Vietnam'),('VIN','Saint Vincent and the Grenadines'),('YEM','Yemen'),('YUG','Yugoslavia'),('ZAI','Zaire'),('ZAM','Zambia'),('ZIM','Zimbabwe');
/*!40000 ALTER TABLE `COUNTRIES` ENABLE KEYS */;
UNLOCK TABLES;

--
-- Table structure for table `MATCHES`
--

DROP TABLE IF EXISTS `MATCHES`;
/*!40101 SET @saved_cs_client     = @@character_set_client */;
/*!40101 SET character_set_client = utf8 */;
CREATE TABLE `MATCHES` (
  `m_id` int(11) NOT NULL,
  `m_t_id` int(11) DEFAULT NULL,
  `m_round` int(11) NOT NULL,
  `m_r_num1` int(11) DEFAULT NULL,
  `m_r_num2` int(11) DEFAULT NULL,
  PRIMARY KEY (`m_id`),
  KEY `m_t_id` (`m_t_id`),
  KEY `m_r_num1` (`m_r_num1`),
  KEY `m_r_num2` (`m_r_num2`),
  CONSTRAINT `MATCHES_ibfk_1` FOREIGN KEY (`m_t_id`) REFERENCES `TOURNAMENTS` (`t_id`),
  CONSTRAINT `MATCHES_ibfk_2` FOREIGN KEY (`m_r_num1`) REFERENCES `REGISTRATIONS` (`r_num`),
  CONSTRAINT `MATCHES_ibfk_3` FOREIGN KEY (`m_r_num2`) REFERENCES `REGISTRATIONS` (`r_num`)
) ENGINE=InnoDB DEFAULT CHARSET=utf8mb4;
/*!40101 SET character_set_client = @saved_cs_client */;

--
-- Dumping data for table `MATCHES`
--

LOCK TABLES `MATCHES` WRITE;
/*!40000 ALTER TABLE `MATCHES` DISABLE KEYS */;
INSERT INTO `MATCHES` VALUES (0,0,1,0,1),(1,0,1,2,3),(2,0,1,4,5),(3,0,1,6,7),(4,0,1,8,9),(5,0,1,10,11),(6,0,1,12,13),(7,0,1,14,15),(8,0,1,16,17),(9,0,1,18,19),(10,0,1,20,21),(11,0,1,22,23),(12,0,1,24,25),(13,0,1,26,27),(14,0,1,28,29),(15,0,1,30,31),(16,0,1,32,33),(17,0,1,34,35),(18,0,1,36,37),(19,0,1,38,39),(20,0,1,40,41),(21,0,1,42,43),(22,0,1,44,45),(23,0,1,46,47),(24,0,1,48,49),(25,0,1,50,51),(26,0,1,52,53),(27,0,1,54,55),(28,0,1,56,57),(29,0,1,58,59),(30,0,1,60,61),(31,0,1,62,63),(32,0,1,64,65),(33,0,1,66,67),(34,0,1,68,69),(35,0,1,70,71),(36,0,1,72,73),(37,0,1,74,75),(38,0,1,76,77),(39,0,1,78,79),(40,0,1,80,81),(41,0,1,82,83),(42,0,1,84,85),(43,0,1,86,87),(44,0,1,88,89),(45,0,1,90,91),(46,0,1,92,93),(47,0,1,94,95),(48,0,1,96,97),(49,0,1,98,99),(50,0,1,100,101),(51,0,1,102,103),(52,0,1,104,105),(53,0,1,106,107),(54,0,1,108,109),(55,0,1,110,111),(56,0,1,112,113),(57,0,1,114,115),(58,0,1,116,117),(59,0,1,118,119),(60,0,1,120,121),(61,0,1,122,123),(62,0,1,124,125),(63,0,1,126,127),(64,0,2,0,2),(65,0,2,6,4),(66,0,2,10,8),(67,0,2,14,12),(68,0,2,18,16),(69,0,2,22,20),(70,0,2,24,26),(71,0,2,30,28),(72,0,2,32,34),(73,0,2,36,38),(74,0,2,40,42),(75,0,2,46,44),(76,0,2,48,50),(77,0,2,54,52),(78,0,2,56,58),(79,0,2,62,60),(80,0,2,64,66),(81,0,2,70,68),(82,0,2,72,74),(83,0,2,78,76),(84,0,2,80,82),(85,0,2,86,84),(86,0,2,90,88),(87,0,2,94,92),(88,0,2,96,98),(89,0,2,102,100),(90,0,2,104,106),(91,0,2,110,108),(92,0,2,112,114),(93,0,2,116,118),(94,0,2,120,122),(95,0,2,126,124),(96,0,3,0,6),(97,0,3,14,10),(98,0,3,22,18),(99,0,3,30,24),(100,0,3,32,36),(101,0,3,46,40),(102,0,3,48,54),(103,0,3,62,56),(104,0,3,64,70),(105,0,3,78,72),(106,0,3,80,86),(107,0,3,94,90),(108,0,3,96,102),(109,0,3,110,104),(110,0,3,112,116),(111,0,3,126,120),(112,0,4,0,14),(113,0,4,30,22),(114,0,4,32,46),(115,0,4,62,48),(116,0,4,78,64),(117,0,4,94,80),(118,0,4,110,96),(119,0,4,126,112),(120,0,5,0,30),(121,0,5,62,32),(122,0,5,78,94),(123,0,5,110,126),(124,0,6,0,62),(125,0,6,110,78),(126,0,7,0,110),(127,1,1,128,129),(128,1,1,130,131),(129,1,1,132,133),(130,1,1,134,135),(131,1,1,136,137),(132,1,1,138,139),(133,1,1,140,141),(134,1,1,142,143),(135,1,1,144,145),(136,1,1,146,147),(137,1,1,148,149),(138,1,1,150,151),(139,1,1,152,153),(140,1,1,154,155),(141,1,1,156,157),(142,1,1,158,159),(143,1,1,160,161),(144,1,1,162,163),(145,1,1,164,165),(146,1,1,166,167),(147,1,1,168,169),(148,1,1,170,171),(149,1,1,172,173),(150,1,1,174,175),(151,1,1,176,177),(152,1,1,178,179),(153,1,1,180,181),(154,1,1,182,183),(155,1,1,184,185),(156,1,1,186,187),(157,1,1,188,189),(158,1,1,190,191),(159,1,2,128,130),(160,1,2,134,132),(161,1,2,136,138),(162,1,2,140,142),(163,1,2,144,146),(164,1,2,148,150),(165,1,2,152,154),(166,1,2,158,156),(167,1,2,160,162),(168,1,2,164,166),(169,1,2,168,170),(170,1,2,174,172),(171,1,2,176,178),(172,1,2,180,182),(173,1,2,186,184),(174,1,2,190,188),(175,1,3,128,134),(176,1,3,140,136),(177,1,3,144,148),(178,1,3,158,152),(179,1,3,164,160),(180,1,3,174,168),(181,1,3,180,176),(182,1,3,190,186),(183,1,4,128,140),(184,1,4,144,158),(185,1,4,174,164),(186,1,4,190,180),(187,1,5,128,144),(188,1,5,190,174),(189,1,6,128,190),(190,2,1,192,193),(191,2,1,194,195),(192,2,1,196,197),(193,2,1,198,199),(194,2,1,200,201),(195,2,1,202,203),(196,2,1,204,205),(197,2,1,206,207),(198,2,1,208,209),(199,2,1,210,211),(200,2,1,212,213),(201,2,1,214,215),(202,2,1,216,217),(203,2,1,218,219),(204,2,1,220,221),(205,2,1,222,223),(206,2,1,224,225),(207,2,1,226,227),(208,2,1,228,229),(209,2,1,230,231),(210,2,1,232,233),(211,2,1,234,235),(212,2,1,236,237),(213,2,1,238,239),(214,2,1,240,241),(215,2,1,242,243),(216,2,1,244,245),(217,2,1,246,247),(218,2,1,248,249),(219,2,1,250,251),(220,2,1,252,253),(221,2,1,254,255),(222,2,1,256,257),(223,2,1,258,259),(224,2,1,260,261),(225,2,1,262,263),(226,2,1,264,265),(227,2,1,266,267),(228,2,1,268,269),(229,2,1,270,271),(230,2,1,272,273),(231,2,1,274,275),(232,2,1,276,277),(233,2,1,278,279),(234,2,1,280,281),(235,2,1,282,283),(236,2,1,284,285),(237,2,1,286,287),(238,2,1,288,289),(239,2,1,290,291),(240,2,1,292,293),(241,2,1,294,295),(242,2,1,296,297),(243,2,1,298,299),(244,2,1,300,301),(245,2,1,302,303),(246,2,1,304,305),(247,2,1,306,307),(248,2,1,308,309),(249,2,1,310,311),(250,2,1,312,313),(251,2,1,314,315),(252,2,1,316,317),(253,2,1,318,319),(254,2,2,192,194),(255,2,2,196,198),(256,2,2,200,202),(257,2,2,206,204),(258,2,2,208,210),(259,2,2,212,214),(260,2,2,216,218),(261,2,2,222,220),(262,2,2,224,226),(263,2,2,228,230),(264,2,2,234,232),(265,2,2,238,236),(266,2,2,242,240),(267,2,2,246,244),(268,2,2,250,248),(269,2,2,252,254),(270,2,2,256,258),(271,2,2,260,262),(272,2,2,266,264),(273,2,2,270,268),(274,2,2,272,274),(275,2,2,276,278),(276,2,2,280,282),(277,2,2,286,284),(278,2,2,290,288),(279,2,2,292,294),(280,2,2,296,298),(281,2,2,300,302),(282,2,2,304,306),(283,2,2,310,308),(284,2,2,312,314),(285,2,2,318,316),(286,2,3,192,196),(287,2,3,206,200),(288,2,3,208,212),(289,2,3,216,222),(290,2,3,224,228),(291,2,3,238,234),(292,2,3,246,242),(293,2,3,250,252),(294,2,3,256,260),(295,2,3,266,270),(296,2,3,272,276),(297,2,3,286,280),(298,2,3,290,292),(299,2,3,296,300),(300,2,3,304,310),(301,2,3,318,312),(302,2,4,192,206),(303,2,4,208,216),(304,2,4,224,238),(305,2,4,246,250),(306,2,4,256,266),(307,2,4,286,272),(308,2,4,296,290),(309,2,4,318,304),(310,2,5,192,208),(311,2,5,224,246),(312,2,5,256,286),(313,2,5,318,296),(314,2,6,192,224),(315,2,6,318,256),(316,2,7,318,192),(317,3,1,320,321),(318,3,1,322,323),(319,3,1,324,325),(320,3,1,326,327),(321,3,1,328,329),(322,3,1,330,331),(323,3,1,332,333),(324,3,1,334,335),(325,3,1,336,337),(326,3,1,338,339),(327,3,1,340,341),(328,3,1,342,343),(329,3,1,344,345),(330,3,1,346,347),(331,3,1,348,349),(332,3,1,350,351),(333,3,1,352,353),(334,3,1,354,355),(335,3,1,356,357),(336,3,1,358,359),(337,3,1,360,361),(338,3,1,362,363),(339,3,1,364,365),(340,3,1,366,367),(341,3,1,368,369),(342,3,1,370,371),(343,3,1,372,373),(344,3,1,374,375),(345,3,1,376,377),(346,3,1,378,379),(347,3,1,380,381),(348,3,1,382,383),(349,3,2,320,322),(350,3,2,324,326),(351,3,2,328,330),(352,3,2,334,332),(353,3,2,336,338),(354,3,2,340,342),(355,3,2,344,346),(356,3,2,348,350),(357,3,2,352,354),(358,3,2,358,356),(359,3,2,362,360),(360,3,2,364,366),(361,3,2,368,370),(362,3,2,374,372),(363,3,2,378,376),(364,3,2,382,380),(365,3,3,320,324),(366,3,3,328,334),(367,3,3,336,340),(368,3,3,348,344),(369,3,3,352,358),(370,3,3,364,362),(371,3,3,374,368),(372,3,3,382,378),(373,3,4,328,320),(374,3,4,336,348),(375,3,4,352,364),(376,3,4,374,382),(377,3,5,328,336),(378,3,5,352,374),(379,3,6,352,328),(380,4,1,384,385),(381,4,1,386,387),(382,4,1,388,389),(383,4,1,390,391),(384,4,1,392,393),(385,4,1,394,395),(386,4,1,396,397),(387,4,1,398,399),(388,4,1,400,401),(389,4,1,402,403),(390,4,1,404,405),(391,4,1,406,407),(392,4,1,408,409),(393,4,1,410,411),(394,4,1,412,413),(395,4,1,414,415),(396,4,1,416,417),(397,4,1,418,419),(398,4,1,420,421),(399,4,1,422,423),(400,4,1,424,425),(401,4,1,426,427),(402,4,1,428,429),(403,4,1,430,431),(404,4,1,432,433),(405,4,1,434,435),(406,4,1,436,437),(407,4,1,438,439),(408,4,1,440,441),(409,4,1,442,443),(410,4,1,444,445),(411,4,1,446,447),(412,4,1,448,449),(413,4,1,450,451),(414,4,1,452,453),(415,4,1,454,455),(416,4,1,456,457),(417,4,1,458,459),(418,4,1,460,461),(419,4,1,462,463),(420,4,1,464,465),(421,4,1,466,467),(422,4,1,468,469),(423,4,1,470,471),(424,4,1,472,473),(425,4,1,474,475),(426,4,1,476,477),(427,4,1,478,479),(428,4,1,480,481),(429,4,1,482,483),(430,4,1,484,485),(431,4,1,486,487),(432,4,1,488,489),(433,4,1,490,491),(434,4,1,492,493),(435,4,1,494,495),(436,4,1,496,497),(437,4,1,498,499),(438,4,1,500,501),(439,4,1,502,503),(440,4,1,504,505),(441,4,1,506,507),(442,4,1,508,509),(443,4,1,510,511),(444,4,2,384,386),(445,4,2,390,388),(446,4,2,392,394),(447,4,2,396,398),(448,4,2,400,402),(449,4,2,406,404),(450,4,2,410,408),(451,4,2,414,412),(452,4,2,416,418),(453,4,2,422,420),(454,4,2,424,426),(455,4,2,428,430),(456,4,2,432,434),(457,4,2,436,438),(458,4,2,442,440),(459,4,2,446,444),(460,4,2,448,450),(461,4,2,454,452),(462,4,2,456,458),(463,4,2,460,462),(464,4,2,466,464),(465,4,2,470,468),(466,4,2,474,472),(467,4,2,478,476),(468,4,2,482,480),(469,4,2,484,486),(470,4,2,488,490),(471,4,2,494,492),(472,4,2,496,498),(473,4,2,502,500),(474,4,2,506,504),(475,4,2,510,508),(476,4,3,384,390),(477,4,3,392,396),(478,4,3,400,406),(479,4,3,414,410),(480,4,3,416,422),(481,4,3,428,424),(482,4,3,432,436),(483,4,3,446,442),(484,4,3,454,448),(485,4,3,456,460),(486,4,3,470,466),(487,4,3,478,474),(488,4,3,484,482),(489,4,3,488,494),(490,4,3,496,502),(491,4,3,510,506),(492,4,4,384,392),(493,4,4,414,400),(494,4,4,416,428),(495,4,4,432,446),(496,4,4,456,454),(497,4,4,478,470),(498,4,4,488,484),(499,4,4,496,510),(500,4,5,384,414),(501,4,5,416,432),(502,4,5,478,456),(503,4,5,496,488),(504,4,6,384,416),(505,4,6,478,496),(506,4,7,384,478),(507,5,1,512,513),(508,5,1,514,515),(509,5,1,516,517),(510,5,1,518,519),(511,5,1,520,521),(512,5,1,522,523),(513,5,1,524,525),(514,5,1,526,527),(515,5,1,528,529),(516,5,1,530,531),(517,5,1,532,533),(518,5,1,534,535),(519,5,1,536,537),(520,5,1,538,539),(521,5,1,540,541),(522,5,1,542,543),(523,5,1,544,545),(524,5,1,546,547),(525,5,1,548,549),(526,5,1,550,551),(527,5,1,552,553),(528,5,1,554,555),(529,5,1,556,557),(530,5,1,558,559),(531,5,1,560,561),(532,5,1,562,563),(533,5,1,564,565),(534,5,1,566,567),(535,5,1,568,569),(536,5,1,570,571),(537,5,1,572,573),(538,5,1,574,575),(539,5,2,512,514),(540,5,2,518,516),(541,5,2,520,522),(542,5,2,526,524),(543,5,2,528,530),(544,5,2,534,532),(545,5,2,538,536),(546,5,2,540,542),(547,5,2,544,546),(548,5,2,550,548),(549,5,2,554,552),(550,5,2,558,556),(551,5,2,562,560),(552,5,2,566,564),(553,5,2,570,568),(554,5,2,574,572),(555,5,3,512,518),(556,5,3,520,526),(557,5,3,528,534),(558,5,3,540,538),(559,5,3,544,550),(560,5,3,554,558),(561,5,3,566,562),(562,5,3,574,570),(563,5,4,520,512),(564,5,4,528,540),(565,5,4,544,554),(566,5,4,566,574),(567,5,5,520,528),(568,5,5,566,544),(569,5,6,520,566),(570,6,1,576,577),(571,6,1,578,579),(572,6,1,580,581),(573,6,1,582,583),(574,6,1,584,585),(575,6,1,586,587),(576,6,1,588,589),(577,6,1,590,591),(578,6,1,592,593),(579,6,1,594,595),(580,6,1,596,597),(581,6,1,598,599),(582,6,1,600,601),(583,6,1,602,603),(584,6,1,604,605),(585,6,1,606,607),(586,6,1,608,609),(587,6,1,610,611),(588,6,1,612,613),(589,6,1,614,615),(590,6,1,616,617),(591,6,1,618,619),(592,6,1,620,621),(593,6,1,622,623),(594,6,1,624,625),(595,6,1,626,627),(596,6,1,628,629),(597,6,1,630,631),(598,6,1,632,633),(599,6,1,634,635),(600,6,1,636,637),(601,6,1,638,639),(602,6,1,640,641),(603,6,1,642,643),(604,6,1,644,645),(605,6,1,646,647),(606,6,1,648,649),(607,6,1,650,651),(608,6,1,652,653),(609,6,1,654,655),(610,6,1,656,657),(611,6,1,658,659),(612,6,1,660,661),(613,6,1,662,663),(614,6,1,664,665),(615,6,1,666,667),(616,6,1,668,669),(617,6,1,670,671),(618,6,1,672,673),(619,6,1,674,675),(620,6,1,676,677),(621,6,1,678,679),(622,6,1,680,681),(623,6,1,682,683),(624,6,1,684,685),(625,6,1,686,687),(626,6,1,688,689),(627,6,1,690,691),(628,6,1,692,693),(629,6,1,694,695),(630,6,1,696,697),(631,6,1,698,699),(632,6,1,700,701),(633,6,1,702,703),(634,6,2,576,578),(635,6,2,582,580),(636,6,2,584,586),(637,6,2,590,588),(638,6,2,592,594),(639,6,2,598,596),(640,6,2,602,600),(641,6,2,606,604),(642,6,2,608,610),(643,6,2,612,614),(644,6,2,618,616),(645,6,2,622,620),(646,6,2,624,626),(647,6,2,628,630),(648,6,2,634,632),(649,6,2,636,638),(650,6,2,640,642),(651,6,2,644,646),(652,6,2,648,650),(653,6,2,654,652),(654,6,2,656,658),(655,6,2,662,660),(656,6,2,664,666),(657,6,2,670,668),(658,6,2,672,674),(659,6,2,676,678),(660,6,2,680,682),(661,6,2,684,686),(662,6,2,688,690),(663,6,2,694,692),(664,6,2,696,698),(665,6,2,702,700),(666,6,3,576,582),(667,6,3,590,584),(668,6,3,598,592),(669,6,3,602,606),(670,6,3,608,612),(671,6,3,618,622),(672,6,3,624,628),(673,6,3,636,634),(674,6,3,640,644),(675,6,3,654,648),(676,6,3,656,662),(677,6,3,670,664),(678,6,3,672,676),(679,6,3,680,684),(680,6,3,688,694),(681,6,3,702,696),(682,6,4,576,590),(683,6,4,598,602),(684,6,4,608,618),(685,6,4,624,636),(686,6,4,654,640),(687,6,4,670,656),(688,6,4,672,680),(689,6,4,702,688),(690,6,5,576,598),(691,6,5,624,608),(692,6,5,670,654),(693,6,5,702,672),(694,6,6,576,624),(695,6,6,702,670),(696,6,7,576,702),(697,7,1,704,705),(698,7,1,706,707),(699,7,1,708,709),(700,7,1,710,711),(701,7,1,712,713),(702,7,1,714,715),(703,7,1,716,717),(704,7,1,718,719),(705,7,1,720,721),(706,7,1,722,723),(707,7,1,724,725),(708,7,1,726,727),(709,7,1,728,729),(710,7,1,730,731),(711,7,1,732,733),(712,7,1,734,735),(713,7,1,736,737),(714,7,1,738,739),(715,7,1,740,741),(716,7,1,742,743),(717,7,1,744,745),(718,7,1,746,747),(719,7,1,748,749),(720,7,1,750,751),(721,7,1,752,753),(722,7,1,754,755),(723,7,1,756,757),(724,7,1,758,759),(725,7,1,760,761),(726,7,1,762,763),(727,7,1,764,765),(728,7,1,766,767),(729,7,2,704,706),(730,7,2,708,710),(731,7,2,712,714),(732,7,2,716,718),(733,7,2,720,722),(734,7,2,726,724),(735,7,2,730,728),(736,7,2,734,732),(737,7,2,738,736),(738,7,2,742,740),(739,7,2,744,746),(740,7,2,750,748),(741,7,2,752,754),(742,7,2,758,756),(743,7,2,762,760),(744,7,2,764,766),(745,7,3,704,708),(746,7,3,712,716),(747,7,3,720,726),(748,7,3,734,730),(749,7,3,738,742),(750,7,3,750,744),(751,7,3,758,752),(752,7,3,762,764),(753,7,4,704,712),(754,7,4,720,734),(755,7,4,738,750),(756,7,4,758,762),(757,7,5,704,720),(758,7,5,758,738),(759,7,6,758,704),(760,8,1,768,769),(761,8,1,770,771),(762,8,1,772,773),(763,8,1,774,775),(764,8,1,776,777),(765,8,1,778,779),(766,8,1,780,781),(767,8,1,782,783),(768,8,1,784,785),(769,8,1,786,787),(770,8,1,788,789),(771,8,1,790,791),(772,8,1,792,793),(773,8,1,794,795),(774,8,1,796,797),(775,8,1,798,799),(776,8,2,768,770),(777,8,2,772,774),(778,8,2,778,776),(779,8,2,782,780),(780,8,2,786,784),(781,8,2,790,788),(782,8,2,794,792),(783,8,2,796,798),(784,8,3,768,772),(785,8,3,782,778),(786,8,3,790,786),(787,8,3,796,794),(788,8,4,768,782),(789,8,4,790,796),(790,8,5,790,768),(791,9,1,800,801),(792,9,1,802,803),(793,9,1,804,805),(794,9,1,806,807),(795,9,1,808,809),(796,9,1,810,811),(797,9,1,812,813),(798,9,1,814,815),(799,9,2,800,802),(800,9,2,804,806),(801,9,2,808,810),(802,9,2,814,816),(803,9,3,800,804),(804,9,3,814,808),(805,9,4,814,800),(806,10,1,817,818),(807,10,1,819,820),(808,10,1,821,822),(809,10,1,823,824),(810,10,1,825,826),(811,10,1,827,828),(812,10,1,829,830),(813,10,1,831,832),(814,10,1,833,834),(815,10,1,835,836),(816,10,1,837,838),(817,10,1,839,840),(818,10,1,841,842),(819,10,1,843,844),(820,10,1,845,846),(821,10,1,847,848),(822,10,2,817,819),(823,10,2,823,821),(824,10,2,825,827),(825,10,2,829,831),(826,10,2,833,835),(827,10,2,837,839),(828,10,2,843,841),(829,10,2,847,845),(830,10,3,817,823),(831,10,3,829,825),(832,10,3,833,837),(833,10,3,843,847),(834,10,4,817,829),(835,10,4,843,833),(836,10,5,843,817),(837,11,1,849,850),(838,11,1,851,852),(839,11,1,853,854),(840,11,1,855,856),(841,11,1,857,858),(842,11,1,859,860),(843,11,1,861,862),(844,11,1,863,864),(845,11,2,849,851),(846,11,2,853,855),(847,11,2,859,857),(848,11,2,863,861),(849,11,3,849,853),(850,11,3,863,859),(851,11,4,849,863),(852,12,1,865,866),(853,12,1,867,868),(854,12,1,869,870),(855,12,1,871,872),(856,12,1,873,874),(857,12,1,875,876),(858,12,1,877,878),(859,12,1,879,880),(860,12,1,881,882),(861,12,1,883,884),(862,12,1,885,886),(863,12,1,887,888),(864,12,1,889,890),(865,12,1,891,892),(866,12,1,893,894),(867,12,1,895,896),(868,12,2,865,867),(869,12,2,869,871),(870,12,2,875,873),(871,12,2,879,877),(872,12,2,881,883),(873,12,2,887,885),(874,12,2,891,889),(875,12,2,895,893),(876,12,3,869,865),(877,12,3,875,879),(878,12,3,881,887),(879,12,3,895,891),(880,12,4,869,875),(881,12,4,895,881),(882,12,5,869,895),(883,13,1,897,898),(884,13,1,899,900),(885,13,1,901,902),(886,13,1,903,904),(887,13,1,905,906),(888,13,1,907,908),(889,13,1,909,910),(890,13,1,911,912),(891,13,2,897,899),(892,13,2,901,903),(893,13,2,905,907),(894,13,2,911,909),(895,13,3,897,901),(896,13,3,911,905),(897,13,4,897,911),(898,14,1,913,914),(899,14,1,915,916),(900,14,1,917,918),(901,14,1,919,920),(902,14,1,921,922),(903,14,1,923,924),(904,14,1,925,926),(905,14,1,927,928),(906,14,1,929,930),(907,14,1,931,932),(908,14,1,933,934),(909,14,1,935,936),(910,14,1,937,938),(911,14,1,939,940),(912,14,1,941,942),(913,14,1,943,944),(914,14,2,913,915),(915,14,2,917,919),(916,14,2,921,923),(917,14,2,927,925),(918,14,2,929,931),(919,14,2,935,933),(920,14,2,937,939),(921,14,2,943,941),(922,14,3,917,913),(923,14,3,921,927),(924,14,3,935,929),(925,14,3,943,937),(926,14,4,917,921),(927,14,4,935,943),(928,14,5,917,935),(929,15,1,945,946),(930,15,1,947,948),(931,15,1,949,950),(932,15,1,951,952),(933,15,1,953,954),(934,15,1,955,956),(935,15,1,957,958),(936,15,1,959,960),(937,15,2,947,945),(938,15,2,949,951),(939,15,2,955,953),(940,15,2,957,959),(941,15,3,949,947),(942,15,3,955,957),(943,15,4,949,955);
/*!40000 ALTER TABLE `MATCHES` ENABLE KEYS */;
UNLOCK TABLES;

--
-- Table structure for table `MATCH_RESULTS`
--

DROP TABLE IF EXISTS `MATCH_RESULTS`;
/*!40101 SET @saved_cs_client     = @@character_set_client */;
/*!40101 SET character_set_client = utf8 */;
CREATE TABLE `MATCH_RESULTS` (
  `mr_m_id` int(11) NOT NULL,
  `mr_winner` int(11) DEFAULT NULL,
  `mr_num_sets` int(11) DEFAULT NULL,
  PRIMARY KEY (`mr_m_id`),
  CONSTRAINT `MATCH_RESULTS_ibfk_1` FOREIGN KEY (`mr_m_id`) REFERENCES `MATCHES` (`m_id`)
) ENGINE=InnoDB DEFAULT CHARSET=utf8mb4;
/*!40101 SET character_set_client = @saved_cs_client */;

--
-- Dumping data for table `MATCH_RESULTS`
--

LOCK TABLES `MATCH_RESULTS` WRITE;
/*!40000 ALTER TABLE `MATCH_RESULTS` DISABLE KEYS */;
INSERT INTO `MATCH_RESULTS` VALUES (0,0,3),(1,2,5),(2,4,3),(3,6,3),(4,8,1),(5,10,3),(6,12,4),(7,14,3),(8,16,4),(9,18,4),(10,20,3),(11,22,3),(12,24,4),(13,26,3),(14,28,3),(15,30,3),(16,32,4),(17,34,4),(18,36,5),(19,38,4),(20,40,3),(21,42,5),(22,44,5),(23,46,3),(24,48,3),(25,50,1),(26,52,3),(27,54,4),(28,56,5),(29,58,3),(30,60,5),(31,62,4),(32,64,5),(33,66,3),(34,68,5),(35,70,2),(36,72,5),(37,74,5),(38,76,3),(39,78,3),(40,80,3),(41,82,4),(42,84,5),(43,86,4),(44,88,4),(45,90,3),(46,92,4),(47,94,3),(48,96,3),(49,98,5),(50,100,4),(51,102,5),(52,104,5),(53,106,3),(54,108,3),(55,110,4),(56,112,3),(57,114,3),(58,116,3),(59,118,4),(60,120,4),(61,122,5),(62,124,4),(63,126,3),(64,0,3),(65,6,3),(66,10,4),(67,14,3),(68,18,4),(69,22,3),(70,24,3),(71,30,3),(72,32,4),(73,36,4),(74,40,5),(75,46,4),(76,48,4),(77,54,4),(78,56,5),(79,62,3),(80,64,3),(81,70,5),(82,72,4),(83,78,3),(84,80,3),(85,86,3),(86,90,3),(87,94,3),(88,96,3),(89,102,3),(90,104,4),(91,110,5),(92,112,3),(93,116,4),(94,120,3),(95,126,4),(96,0,3),(97,14,4),(98,22,4),(99,30,4),(100,32,1),(101,46,5),(102,48,3),(103,62,4),(104,64,5),(105,78,3),(106,80,3),(107,94,3),(108,96,3),(109,110,4),(110,112,3),(111,126,3),(112,0,3),(113,30,4),(114,32,4),(115,62,5),(116,78,4),(117,94,4),(118,110,3),(119,126,5),(120,0,3),(121,62,3),(122,78,5),(123,110,3),(124,0,3),(125,110,3),(126,0,3),(127,128,2),(128,130,3),(129,132,2),(130,134,2),(131,136,3),(132,138,3),(133,140,3),(134,142,2),(135,144,2),(136,146,2),(137,148,2),(138,150,2),(139,152,2),(140,154,3),(141,156,2),(142,158,2),(143,160,3),(144,162,2),(145,164,2),(146,166,3),(147,168,3),(148,170,3),(149,172,2),(150,174,3),(151,176,3),(152,178,3),(153,180,3),(154,182,3),(155,184,2),(156,186,2),(157,188,2),(158,190,2),(159,128,2),(160,134,2),(161,136,3),(162,140,2),(163,144,2),(164,148,3),(165,152,2),(166,158,3),(167,160,2),(168,164,2),(169,168,2),(170,174,3),(171,176,3),(172,180,3),(173,186,2),(174,190,3),(175,128,2),(176,140,2),(177,144,2),(178,158,2),(179,164,2),(180,174,2),(181,180,3),(182,190,2),(183,128,2),(184,144,2),(185,174,2),(186,190,2),(187,128,3),(188,190,3),(189,128,2),(190,192,3),(191,194,3),(192,196,4),(193,198,4),(194,200,4),(195,202,4),(196,204,3),(197,206,1),(198,208,3),(199,210,4),(200,212,4),(201,214,3),(202,216,3),(203,218,4),(204,220,5),(205,222,3),(206,224,3),(207,226,4),(208,228,3),(209,230,3),(210,232,4),(211,234,5),(212,236,3),(213,238,4),(214,240,3),(215,242,3),(216,244,3),(217,246,3),(218,248,3),(219,250,5),(220,252,2),(221,254,3),(222,256,3),(223,258,5),(224,260,4),(225,262,4),(226,264,4),(227,266,4),(228,268,5),(229,270,3),(230,272,3),(231,274,3),(232,276,3),(233,278,5),(234,280,3),(235,282,4),(236,284,5),(237,286,4),(238,288,4),(239,290,5),(240,292,3),(241,294,5),(242,296,5),(243,298,3),(244,300,4),(245,302,3),(246,304,3),(247,306,5),(248,308,3),(249,310,3),(250,312,2),(251,314,3),(252,316,3),(253,318,3),(254,192,3),(255,196,3),(256,200,3),(257,206,3),(258,208,3),(259,212,3),(260,216,3),(261,222,4),(262,224,3),(263,228,5),(264,234,4),(265,238,3),(266,242,3),(267,246,3),(268,250,3),(269,252,5),(270,256,4),(271,260,5),(272,266,3),(273,270,3),(274,272,3),(275,276,5),(276,280,4),(277,286,4),(278,290,5),(279,292,3),(280,296,3),(281,300,3),(282,304,5),(283,310,3),(284,312,4),(285,318,3),(286,192,3),(287,206,4),(288,208,3),(289,216,5),(290,224,3),(291,238,4),(292,246,4),(293,250,3),(294,256,5),(295,266,4),(296,272,2),(297,286,3),(298,290,4),(299,296,3),(300,304,4),(301,318,3),(302,192,3),(303,208,3),(304,224,4),(305,246,3),(306,256,3),(307,286,4),(308,296,3),(309,318,3),(310,192,4),(311,224,3),(312,256,3),(313,318,3),(314,192,3),(315,318,3),(316,318,4),(317,320,2),(318,322,2),(319,324,2),(320,326,3),(321,328,2),(322,330,2),(323,332,3),(324,334,2),(325,336,2),(326,338,2),(327,340,2),(328,342,2),(329,344,2),(330,346,2),(331,348,3),(332,350,3),(333,352,2),(334,354,2),(335,356,3),(336,358,2),(337,360,2),(338,362,2),(339,364,2),(340,366,2),(341,368,3),(342,370,3),(343,372,2),(344,374,2),(345,376,3),(346,378,2),(347,380,2),(348,382,2),(349,320,2),(350,324,3),(351,328,2),(352,334,2),(353,336,3),(354,340,2),(355,344,3),(356,348,2),(357,352,2),(358,358,2),(359,362,2),(360,364,3),(361,368,2),(362,374,2),(363,378,2),(364,382,2),(365,320,3),(366,328,2),(367,336,3),(368,348,3),(369,352,2),(370,364,2),(371,374,2),(372,382,2),(373,328,3),(374,336,2),(375,352,2),(376,374,3),(377,328,3),(378,352,2),(379,352,3),(380,384,3),(381,386,5),(382,388,2),(383,390,4),(384,392,3),(385,394,3),(386,396,4),(387,398,3),(388,400,3),(389,402,4),(390,404,2),(391,406,5),(392,408,5),(393,410,4),(394,412,4),(395,414,3),(396,416,3),(397,418,3),(398,420,3),(399,422,3),(400,424,3),(401,426,3),(402,428,5),(403,430,4),(404,432,4),(405,434,5),(406,436,2),(407,438,4),(408,440,4),(409,442,3),(410,444,4),(411,446,3),(412,448,3),(413,450,3),(414,452,4),(415,454,3),(416,456,3),(417,458,5),(418,460,3),(419,462,3),(420,464,3),(421,466,4),(422,468,4),(423,470,4),(424,472,3),(425,474,3),(426,476,4),(427,478,3),(428,480,5),(429,482,3),(430,484,5),(431,486,3),(432,488,3),(433,490,5),(434,492,4),(435,494,3),(436,496,3),(437,498,4),(438,500,4),(439,502,3),(440,504,4),(441,506,3),(442,508,4),(443,510,4),(444,384,3),(445,390,3),(446,392,5),(447,396,1),(448,400,3),(449,406,3),(450,410,4),(451,414,3),(452,416,3),(453,422,3),(454,424,5),(455,428,3),(456,432,4),(457,436,4),(458,442,3),(459,446,5),(460,448,5),(461,454,3),(462,456,3),(463,460,4),(464,466,4),(465,470,4),(466,474,3),(467,478,5),(468,482,3),(469,484,3),(470,488,3),(471,494,3),(472,496,4),(473,502,3),(474,506,4),(475,510,3),(476,384,4),(477,392,4),(478,400,3),(479,414,3),(480,416,3),(481,428,4),(482,432,5),(483,446,4),(484,454,3),(485,456,5),(486,470,3),(487,478,3),(488,484,5),(489,488,5),(490,496,5),(491,510,3),(492,384,4),(493,414,2),(494,416,3),(495,432,5),(496,456,4),(497,478,4),(498,488,5),(499,496,4),(500,384,3),(501,416,3),(502,478,3),(503,496,3),(504,384,3),(505,478,3),(506,384,3),(507,512,2),(508,514,3),(509,516,2),(510,518,2),(511,520,2),(512,522,3),(513,524,2),(514,526,3),(515,528,3),(516,530,2),(517,532,3),(518,534,2),(519,536,2),(520,538,2),(521,540,2),(522,542,2),(523,544,2),(524,546,3),(525,548,3),(526,550,2),(527,552,3),(528,554,2),(529,556,2),(530,558,2),(531,560,2),(532,562,2),(533,564,2),(534,566,3),(535,568,3),(536,570,2),(537,572,2),(538,574,2),(539,512,2),(540,518,2),(541,520,1),(542,526,2),(543,528,2),(544,534,2),(545,538,1),(546,540,3),(547,544,3),(548,550,2),(549,554,2),(550,558,2),(551,562,2),(552,566,2),(553,570,2),(554,574,3),(555,512,2),(556,520,2),(557,528,3),(558,540,2),(559,544,2),(560,554,2),(561,566,2),(562,574,2),(563,520,2),(564,528,2),(565,544,2),(566,566,2),(567,520,3),(568,566,2),(569,520,2),(570,576,3),(571,578,4),(572,580,3),(573,582,3),(574,584,4),(575,586,3),(576,588,5),(577,590,3),(578,592,3),(579,594,3),(580,596,3),(581,598,5),(582,600,3),(583,602,5),(584,604,3),(585,606,4),(586,608,3),(587,610,3),(588,612,3),(589,614,3),(590,616,3),(591,618,3),(592,620,4),(593,622,4),(594,624,3),(595,626,4),(596,628,3),(597,630,4),(598,632,5),(599,634,3),(600,636,3),(601,638,5),(602,640,3),(603,642,3),(604,644,3),(605,646,3),(606,648,3),(607,650,3),(608,652,4),(609,654,4),(610,656,3),(611,658,4),(612,660,3),(613,662,3),(614,664,3),(615,666,5),(616,668,4),(617,670,3),(618,672,3),(619,674,3),(620,676,3),(621,678,3),(622,680,3),(623,682,5),(624,684,5),(625,686,5),(626,688,3),(627,690,5),(628,692,3),(629,694,3),(630,696,3),(631,698,3),(632,700,4),(633,702,3),(634,576,3),(635,582,3),(636,584,4),(637,590,3),(638,592,3),(639,598,4),(640,602,5),(641,606,4),(642,608,3),(643,612,3),(644,618,3),(645,622,3),(646,624,3),(647,628,3),(648,634,5),(649,636,3),(650,640,5),(651,644,3),(652,648,4),(653,654,4),(654,656,3),(655,662,4),(656,664,3),(657,670,4),(658,672,4),(659,676,4),(660,680,4),(661,684,3),(662,688,5),(663,694,5),(664,696,4),(665,702,3),(666,576,3),(667,590,4),(668,598,4),(669,602,5),(670,608,3),(671,618,4),(672,624,3),(673,636,3),(674,640,3),(675,654,3),(676,656,4),(677,670,4),(678,672,3),(679,680,3),(680,688,3),(681,702,5),(682,576,1),(683,598,3),(684,608,3),(685,624,3),(686,654,3),(687,670,4),(688,672,4),(689,702,5),(690,576,4),(691,624,5),(692,670,5),(693,702,3),(694,576,3),(695,702,3),(696,576,5),(697,704,3),(698,706,3),(699,708,3),(700,710,4),(701,712,3),(702,714,4),(703,716,3),(704,718,4),(705,720,4),(706,722,3),(707,724,4),(708,726,3),(709,728,3),(710,730,3),(711,732,4),(712,734,3),(713,736,3),(714,738,5),(715,740,3),(716,742,4),(717,744,4),(718,746,3),(719,748,4),(720,750,3),(721,752,4),(722,754,4),(723,756,4),(724,758,3),(725,760,2),(726,762,3),(727,764,4),(728,766,4),(729,704,3),(730,708,4),(731,712,5),(732,716,4),(733,720,3),(734,726,4),(735,730,4),(736,734,4),(737,738,5),(738,742,3),(739,744,4),(740,750,4),(741,752,4),(742,758,5),(743,762,5),(744,764,5),(745,704,3),(746,712,4),(747,720,3),(748,734,3),(749,738,5),(750,750,5),(751,758,3),(752,762,5),(753,704,3),(754,720,4),(755,738,3),(756,758,3),(757,704,3),(758,758,3),(759,758,4),(760,768,2),(761,770,2),(762,772,2),(763,774,2),(764,776,2),(765,778,2),(766,780,3),(767,782,2),(768,784,3),(769,786,2),(770,788,2),(771,790,3),(772,792,2),(773,794,2),(774,796,2),(775,798,2),(776,768,2),(777,772,2),(778,778,3),(779,782,2),(780,786,3),(781,790,2),(782,794,3),(783,796,2),(784,768,3),(785,782,3),(786,790,3),(787,796,2),(788,768,2),(789,790,3),(790,790,2),(791,800,3),(792,802,2),(793,804,2),(794,806,2),(795,808,2),(796,810,3),(797,812,2),(798,814,3),(799,800,2),(800,804,2),(801,808,1),(802,814,2),(803,800,3),(804,814,2),(805,814,3),(806,817,2),(807,819,2),(808,821,2),(809,823,2),(810,825,2),(811,827,3),(812,829,2),(813,831,2),(814,833,2),(815,835,2),(816,837,3),(817,839,3),(818,841,2),(819,843,2),(820,845,2),(821,847,2),(822,817,2),(823,823,2),(824,825,2),(825,829,3),(826,833,2),(827,837,2),(828,843,2),(829,847,3),(830,817,3),(831,829,2),(832,833,3),(833,843,2),(834,817,2),(835,843,2),(836,843,2),(837,849,2),(838,851,2),(839,853,3),(840,855,2),(841,857,3),(842,859,3),(843,861,2),(844,863,3),(845,849,3),(846,853,3),(847,859,2),(848,863,2),(849,849,3),(850,863,2),(851,849,2),(852,865,2),(853,867,2),(854,869,2),(855,871,2),(856,873,2),(857,875,2),(858,877,2),(859,879,2),(860,881,2),(861,883,2),(862,885,3),(863,887,3),(864,889,2),(865,891,2),(866,893,3),(867,895,2),(868,865,2),(869,869,2),(870,875,2),(871,879,2),(872,881,2),(873,887,3),(874,891,3),(875,895,3),(876,869,2),(877,875,2),(878,881,3),(879,895,2),(880,869,1),(881,895,3),(882,869,3),(883,897,2),(884,899,3),(885,901,2),(886,903,2),(887,905,2),(888,907,3),(889,909,3),(890,911,2),(891,897,2),(892,901,1),(893,905,2),(894,911,2),(895,897,2),(896,911,3),(897,897,2),(898,913,2),(899,915,2),(900,917,2),(901,919,2),(902,921,2),(903,923,3),(904,925,2),(905,927,2),(906,929,2),(907,931,3),(908,933,2),(909,935,3),(910,937,2),(911,939,3),(912,941,2),(913,943,2),(914,913,3),(915,917,2),(916,921,3),(917,927,2),(918,929,3),(919,935,2),(920,937,2),(921,943,2),(922,917,2),(923,921,3),(924,935,2),(925,943,2),(926,917,2),(927,935,2),(928,917,3),(929,945,3),(930,947,2),(931,949,2),(932,951,2),(933,953,3),(934,955,3),(935,957,3),(936,959,2),(937,947,2),(938,949,3),(939,955,2),(940,957,3),(941,949,3),(942,955,2),(943,949,2);
/*!40000 ALTER TABLE `MATCH_RESULTS` ENABLE KEYS */;
UNLOCK TABLES;

--
-- Table structure for table `PLAYED_IN_TOURNAMENTS`
--

DROP TABLE IF EXISTS `PLAYED_IN_TOURNAMENTS`;
/*!40101 SET @saved_cs_client     = @@character_set_client */;
/*!40101 SET character_set_client = utf8 */;
CREATE TABLE `PLAYED_IN_TOURNAMENTS` (
  `pt_t_id` int(11) NOT NULL,
  `pt_r_num` int(11) NOT NULL,
  `pt_seed` int(11) DEFAULT NULL,
  PRIMARY KEY (`pt_t_id`,`pt_r_num`),
  KEY `pt_r_num` (`pt_r_num`),
  CONSTRAINT `PLAYED_IN_TOURNAMENTS_ibfk_1` FOREIGN KEY (`pt_t_id`) REFERENCES `TOURNAMENTS` (`t_id`),
  CONSTRAINT `PLAYED_IN_TOURNAMENTS_ibfk_2` FOREIGN KEY (`pt_r_num`) REFERENCES `REGISTRATIONS` (`r_num`)
) ENGINE=InnoDB DEFAULT CHARSET=utf8mb4;
/*!40101 SET character_set_client = @saved_cs_client */;

--
-- Dumping data for table `PLAYED_IN_TOURNAMENTS`
--

LOCK TABLES `PLAYED_IN_TOURNAMENTS` WRITE;
/*!40000 ALTER TABLE `PLAYED_IN_TOURNAMENTS` DISABLE KEYS */;
INSERT INTO `PLAYED_IN_TOURNAMENTS` VALUES (0,0,1),(0,1,NULL),(0,2,NULL),(0,3,NULL),(0,4,NULL),(0,5,NULL),(0,6,25),(0,7,NULL),(0,8,24),(0,9,NULL),(0,10,NULL),(0,11,NULL),(0,12,NULL),(0,13,NULL),(0,14,14),(0,15,NULL),(0,16,11),(0,17,NULL),(0,18,NULL),(0,19,NULL),(0,20,NULL),(0,21,NULL),(0,22,18),(0,23,NULL),(0,24,NULL),(0,25,27),(0,26,NULL),(0,27,NULL),(0,28,NULL),(0,29,NULL),(0,30,7),(0,31,NULL),(0,32,NULL),(0,33,4),(0,34,NULL),(0,35,NULL),(0,36,NULL),(0,37,NULL),(0,38,NULL),(0,39,30),(0,40,20),(0,41,NULL),(0,42,NULL),(0,43,NULL),(0,44,NULL),(0,45,NULL),(0,46,16),(0,47,NULL),(0,48,9),(0,49,NULL),(0,50,NULL),(0,51,NULL),(0,52,NULL),(0,53,NULL),(0,54,22),(0,55,NULL),(0,56,26),(0,57,NULL),(0,58,NULL),(0,59,NULL),(0,60,NULL),(0,61,NULL),(0,62,6),(0,63,NULL),(0,64,8),(0,65,NULL),(0,66,NULL),(0,67,NULL),(0,68,NULL),(0,69,NULL),(0,70,28),(0,71,NULL),(0,72,NULL),(0,73,23),(0,74,NULL),(0,75,NULL),(0,76,NULL),(0,77,NULL),(0,78,12),(0,79,NULL),(0,80,13),(0,81,NULL),(0,82,NULL),(0,83,NULL),(0,84,NULL),(0,85,NULL),(0,86,21),(0,87,NULL),(0,88,NULL),(0,89,29),(0,90,NULL),(0,91,NULL),(0,92,NULL),(0,93,NULL),(0,94,3),(0,95,NULL),(0,96,5),(0,97,NULL),(0,98,NULL),(0,99,NULL),(0,100,NULL),(0,101,NULL),(0,102,NULL),(0,103,32),(0,104,19),(0,105,NULL),(0,106,NULL),(0,107,NULL),(0,108,NULL),(0,109,NULL),(0,110,10),(0,111,NULL),(0,112,15),(0,113,NULL),(0,114,NULL),(0,115,NULL),(0,116,NULL),(0,117,NULL),(0,118,17),(0,119,NULL),(0,120,31),(0,121,NULL),(0,122,NULL),(0,123,NULL),(0,124,NULL),(0,125,NULL),(0,126,2),(0,127,NULL),(1,128,1),(1,129,NULL),(1,130,NULL),(1,131,NULL),(1,132,NULL),(1,133,NULL),(1,134,13),(1,135,NULL),(1,136,12),(1,137,NULL),(1,138,NULL),(1,139,NULL),(1,140,NULL),(1,141,NULL),(1,142,NULL),(1,143,8),(1,144,3),(1,145,NULL),(1,146,NULL),(1,147,NULL),(1,148,NULL),(1,149,NULL),(1,150,15),(1,151,NULL),(1,152,10),(1,153,NULL),(1,154,NULL),(1,155,NULL),(1,156,NULL),(1,157,NULL),(1,158,6),(1,159,NULL),(1,160,5),(1,161,NULL),(1,162,NULL),(1,163,NULL),(1,164,NULL),(1,165,NULL),(1,166,11),(1,167,NULL),(1,168,NULL),(1,169,16),(1,170,NULL),(1,171,NULL),(1,172,NULL),(1,173,NULL),(1,174,4),(1,175,NULL),(1,176,7),(1,177,NULL),(1,178,NULL),(1,179,NULL),(1,180,NULL),(1,181,NULL),(1,182,9),(1,183,NULL),(1,184,NULL),(1,185,14),(1,186,NULL),(1,187,NULL),(1,188,NULL),(1,189,NULL),(1,190,2),(1,191,NULL),(2,192,1),(2,193,NULL),(2,194,NULL),(2,195,NULL),(2,196,NULL),(2,197,NULL),(2,198,NULL),(2,199,30),(2,200,17),(2,201,NULL),(2,202,NULL),(2,203,NULL),(2,204,NULL),(2,205,NULL),(2,206,13),(2,207,NULL),(2,208,9),(2,209,NULL),(2,210,NULL),(2,211,NULL),(2,212,NULL),(2,213,NULL),(2,214,22),(2,215,NULL),(2,216,29),(2,217,NULL),(2,218,NULL),(2,219,NULL),(2,220,NULL),(2,221,NULL),(2,222,7),(2,223,NULL),(2,224,4),(2,225,NULL),(2,226,NULL),(2,227,NULL),(2,228,NULL),(2,229,NULL),(2,230,32),(2,231,NULL),(2,232,18),(2,233,NULL),(2,234,NULL),(2,235,NULL),(2,236,NULL),(2,237,NULL),(2,238,15),(2,239,NULL),(2,240,11),(2,241,NULL),(2,242,NULL),(2,243,NULL),(2,244,NULL),(2,245,NULL),(2,246,19),(2,247,NULL),(2,248,27),(2,249,NULL),(2,250,NULL),(2,251,NULL),(2,252,NULL),(2,253,NULL),(2,254,NULL),(2,255,5),(2,256,6),(2,257,NULL),(2,258,NULL),(2,259,NULL),(2,260,NULL),(2,261,NULL),(2,262,NULL),(2,263,26),(2,264,21),(2,265,NULL),(2,266,NULL),(2,267,NULL),(2,268,NULL),(2,269,NULL),(2,270,12),(2,271,NULL),(2,272,16),(2,273,NULL),(2,274,NULL),(2,275,NULL),(2,276,NULL),(2,277,NULL),(2,278,NULL),(2,279,24),(2,280,NULL),(2,281,31),(2,282,NULL),(2,283,NULL),(2,284,NULL),(2,285,NULL),(2,286,NULL),(2,287,3),(2,288,NULL),(2,289,8),(2,290,NULL),(2,291,NULL),(2,292,NULL),(2,293,NULL),(2,294,28),(2,295,NULL),(2,296,23),(2,297,NULL),(2,298,NULL),(2,299,NULL),(2,300,NULL),(2,301,NULL),(2,302,NULL),(2,303,10),(2,304,14),(2,305,NULL),(2,306,NULL),(2,307,NULL),(2,308,NULL),(2,309,NULL),(2,310,20),(2,311,NULL),(2,312,NULL),(2,313,25),(2,314,NULL),(2,315,NULL),(2,316,NULL),(2,317,NULL),(2,318,2),(2,319,NULL),(3,320,1),(3,321,NULL),(3,322,NULL),(3,323,NULL),(3,324,NULL),(3,325,NULL),(3,326,16),(3,327,NULL),(3,328,9),(3,329,NULL),(3,330,NULL),(3,331,NULL),(3,332,NULL),(3,333,NULL),(3,334,8),(3,335,NULL),(3,336,4),(3,337,NULL),(3,338,NULL),(3,339,NULL),(3,340,NULL),(3,341,NULL),(3,342,13),(3,343,NULL),(3,344,10),(3,345,NULL),(3,346,NULL),(3,347,NULL),(3,348,NULL),(3,349,NULL),(3,350,5),(3,351,NULL),(3,352,6),(3,353,NULL),(3,354,NULL),(3,355,NULL),(3,356,NULL),(3,357,NULL),(3,358,11),(3,359,NULL),(3,360,NULL),(3,361,14),(3,362,NULL),(3,363,NULL),(3,364,NULL),(3,365,NULL),(3,366,3),(3,367,NULL),(3,368,7),(3,369,NULL),(3,370,NULL),(3,371,NULL),(3,372,NULL),(3,373,NULL),(3,374,NULL),(3,375,12),(3,376,NULL),(3,377,15),(3,378,NULL),(3,379,NULL),(3,380,NULL),(3,381,NULL),(3,382,2),(3,383,NULL),(4,384,1),(4,385,NULL),(4,386,NULL),(4,387,NULL),(4,388,NULL),(4,389,NULL),(4,390,NULL),(4,391,26),(4,392,NULL),(4,393,21),(4,394,NULL),(4,395,NULL),(4,396,NULL),(4,397,NULL),(4,398,13),(4,399,NULL),(4,400,9),(4,401,NULL),(4,402,NULL),(4,403,NULL),(4,404,NULL),(4,405,NULL),(4,406,NULL),(4,407,22),(4,408,NULL),(4,409,32),(4,410,NULL),(4,411,NULL),(4,412,NULL),(4,413,NULL),(4,414,5),(4,415,NULL),(4,416,4),(4,417,NULL),(4,418,NULL),(4,419,NULL),(4,420,NULL),(4,421,NULL),(4,422,28),(4,423,NULL),(4,424,19),(4,425,NULL),(4,426,NULL),(4,427,NULL),(4,428,NULL),(4,429,NULL),(4,430,14),(4,431,NULL),(4,432,10),(4,433,NULL),(4,434,NULL),(4,435,NULL),(4,436,NULL),(4,437,NULL),(4,438,NULL),(4,439,18),(4,440,NULL),(4,441,29),(4,442,NULL),(4,443,NULL),(4,444,NULL),(4,445,NULL),(4,446,6),(4,447,NULL),(4,448,8),(4,449,NULL),(4,450,NULL),(4,451,NULL),(4,452,NULL),(4,453,NULL),(4,454,NULL),(4,455,30),(4,456,17),(4,457,NULL),(4,458,NULL),(4,459,NULL),(4,460,NULL),(4,461,NULL),(4,462,11),(4,463,NULL),(4,464,16),(4,465,NULL),(4,466,NULL),(4,467,NULL),(4,468,NULL),(4,469,NULL),(4,470,23),(4,471,NULL),(4,472,31),(4,473,NULL),(4,474,NULL),(4,475,NULL),(4,476,NULL),(4,477,NULL),(4,478,3),(4,479,NULL),(4,480,NULL),(4,481,7),(4,482,NULL),(4,483,NULL),(4,484,NULL),(4,485,NULL),(4,486,25),(4,487,NULL),(4,488,20),(4,489,NULL),(4,490,NULL),(4,491,NULL),(4,492,NULL),(4,493,NULL),(4,494,12),(4,495,NULL),(4,496,15),(4,497,NULL),(4,498,NULL),(4,499,NULL),(4,500,NULL),(4,501,NULL),(4,502,24),(4,503,NULL),(4,504,NULL),(4,505,27),(4,506,NULL),(4,507,NULL),(4,508,NULL),(4,509,NULL),(4,510,2),(4,511,NULL),(5,512,1),(5,513,NULL),(5,514,NULL),(5,515,NULL),(5,516,NULL),(5,517,NULL),(5,518,13),(5,519,NULL),(5,520,10),(5,521,NULL),(5,522,NULL),(5,523,NULL),(5,524,NULL),(5,525,NULL),(5,526,8),(5,527,NULL),(5,528,NULL),(5,529,4),(5,530,NULL),(5,531,NULL),(5,532,NULL),(5,533,NULL),(5,534,NULL),(5,535,14),(5,536,11),(5,537,NULL),(5,538,NULL),(5,539,NULL),(5,540,NULL),(5,541,NULL),(5,542,6),(5,543,NULL),(5,544,5),(5,545,NULL),(5,546,NULL),(5,547,NULL),(5,548,NULL),(5,549,NULL),(5,550,12),(5,551,NULL),(5,552,15),(5,553,NULL),(5,554,NULL),(5,555,NULL),(5,556,NULL),(5,557,NULL),(5,558,3),(5,559,NULL),(5,560,7),(5,561,NULL),(5,562,NULL),(5,563,NULL),(5,564,NULL),(5,565,NULL),(5,566,9),(5,567,NULL),(5,568,16),(5,569,NULL),(5,570,NULL),(5,571,NULL),(5,572,NULL),(5,573,NULL),(5,574,2),(5,575,NULL),(6,576,1),(6,577,NULL),(6,578,NULL),(6,579,NULL),(6,580,NULL),(6,581,NULL),(6,582,26),(6,583,NULL),(6,584,21),(6,585,NULL),(6,586,NULL),(6,587,NULL),(6,588,NULL),(6,589,NULL),(6,590,13),(6,591,NULL),(6,592,9),(6,593,NULL),(6,594,NULL),(6,595,NULL),(6,596,NULL),(6,597,NULL),(6,598,20),(6,599,NULL),(6,600,NULL),(6,601,27),(6,602,NULL),(6,603,NULL),(6,604,NULL),(6,605,NULL),(6,606,5),(6,607,NULL),(6,608,3),(6,609,NULL),(6,610,NULL),(6,611,NULL),(6,612,NULL),(6,613,NULL),(6,614,NULL),(6,615,31),(6,616,17),(6,617,NULL),(6,618,NULL),(6,619,NULL),(6,620,NULL),(6,621,NULL),(6,622,15),(6,623,NULL),(6,624,12),(6,625,NULL),(6,626,NULL),(6,627,NULL),(6,628,NULL),(6,629,NULL),(6,630,24),(6,631,NULL),(6,632,NULL),(6,633,25),(6,634,NULL),(6,635,NULL),(6,636,NULL),(6,637,NULL),(6,638,NULL),(6,639,NULL),(6,640,6),(6,641,NULL),(6,642,NULL),(6,643,NULL),(6,644,NULL),(6,645,NULL),(6,646,NULL),(6,647,32),(6,648,23),(6,649,NULL),(6,650,NULL),(6,651,NULL),(6,652,NULL),(6,653,NULL),(6,654,10),(6,655,NULL),(6,656,16),(6,657,NULL),(6,658,NULL),(6,659,NULL),(6,660,NULL),(6,661,NULL),(6,662,22),(6,663,NULL),(6,664,NULL),(6,665,30),(6,666,NULL),(6,667,NULL),(6,668,NULL),(6,669,NULL),(6,670,4),(6,671,NULL),(6,672,7),(6,673,NULL),(6,674,NULL),(6,675,NULL),(6,676,NULL),(6,677,NULL),(6,678,29),(6,679,NULL),(6,680,19),(6,681,NULL),(6,682,NULL),(6,683,NULL),(6,684,NULL),(6,685,NULL),(6,686,11),(6,687,NULL),(6,688,14),(6,689,NULL),(6,690,NULL),(6,691,NULL),(6,692,NULL),(6,693,NULL),(6,694,18),(6,695,NULL),(6,696,28),(6,697,NULL),(6,698,NULL),(6,699,NULL),(6,700,NULL),(6,701,NULL),(6,702,2),(6,703,NULL),(7,704,1),(7,705,NULL),(7,706,NULL),(7,707,NULL),(7,708,NULL),(7,709,NULL),(7,710,16),(7,711,NULL),(7,712,9),(7,713,NULL),(7,714,NULL),(7,715,NULL),(7,716,NULL),(7,717,NULL),(7,718,7),(7,719,NULL),(7,720,4),(7,721,NULL),(7,722,NULL),(7,723,NULL),(7,724,NULL),(7,725,NULL),(7,726,13),(7,727,NULL),(7,728,NULL),(7,729,12),(7,730,NULL),(7,731,NULL),(7,732,NULL),(7,733,NULL),(7,734,5),(7,735,NULL),(7,736,6),(7,737,NULL),(7,738,NULL),(7,739,NULL),(7,740,NULL),(7,741,NULL),(7,742,NULL),(7,743,NULL),(7,744,NULL),(7,745,14),(7,746,NULL),(7,747,NULL),(7,748,NULL),(7,749,NULL),(7,750,3),(7,751,NULL),(7,752,NULL),(7,753,8),(7,754,NULL),(7,755,NULL),(7,756,NULL),(7,757,NULL),(7,758,10),(7,759,NULL),(7,760,15),(7,761,NULL),(7,762,NULL),(7,763,NULL),(7,764,NULL),(7,765,NULL),(7,766,NULL),(7,767,2),(8,768,1),(8,769,NULL),(8,770,NULL),(8,771,NULL),(8,772,NULL),(8,773,NULL),(8,774,5),(8,775,NULL),(8,776,NULL),(8,777,4),(8,778,NULL),(8,779,NULL),(8,780,NULL),(8,781,NULL),(8,782,7),(8,783,NULL),(8,784,NULL),(8,785,8),(8,786,NULL),(8,787,NULL),(8,788,NULL),(8,789,NULL),(8,790,3),(8,791,NULL),(8,792,NULL),(8,793,6),(8,794,NULL),(8,795,NULL),(8,796,NULL),(8,797,NULL),(8,798,2),(8,799,NULL),(9,800,1),(9,801,NULL),(9,802,NULL),(9,803,NULL),(9,804,NULL),(9,805,4),(9,806,NULL),(9,807,NULL),(9,808,NULL),(9,809,NULL),(9,810,NULL),(9,811,3),(9,812,NULL),(9,813,NULL),(9,814,NULL),(9,815,2),(9,816,NULL),(10,817,1),(10,818,NULL),(10,819,NULL),(10,820,NULL),(10,821,NULL),(10,822,NULL),(10,823,NULL),(10,824,5),(10,825,3),(10,826,NULL),(10,827,NULL),(10,828,NULL),(10,829,NULL),(10,830,NULL),(10,831,NULL),(10,832,7),(10,833,6),(10,834,NULL),(10,835,NULL),(10,836,NULL),(10,837,NULL),(10,838,NULL),(10,839,NULL),(10,840,4),(10,841,NULL),(10,842,NULL),(10,843,NULL),(10,844,NULL),(10,845,NULL),(10,846,NULL),(10,847,2),(10,848,NULL),(11,849,1),(11,850,NULL),(11,851,NULL),(11,852,NULL),(11,853,NULL),(11,854,3),(11,855,NULL),(11,856,NULL),(11,857,NULL),(11,858,NULL),(11,859,NULL),(11,860,4),(11,861,NULL),(11,862,NULL),(11,863,NULL),(11,864,2),(12,865,NULL),(12,866,1),(12,867,NULL),(12,868,NULL),(12,869,NULL),(12,870,NULL),(12,871,6),(12,872,NULL),(12,873,NULL),(12,874,4),(12,875,NULL),(12,876,NULL),(12,877,NULL),(12,878,NULL),(12,879,NULL),(12,880,8),(12,881,7),(12,882,NULL),(12,883,NULL),(12,884,NULL),(12,885,NULL),(12,886,NULL),(12,887,3),(12,888,NULL),(12,889,5),(12,890,NULL),(12,891,NULL),(12,892,NULL),(12,893,NULL),(12,894,NULL),(12,895,2),(12,896,NULL),(13,897,1),(13,898,NULL),(13,899,NULL),(13,900,NULL),(13,901,3),(13,902,NULL),(13,903,NULL),(13,904,NULL),(13,905,NULL),(13,906,NULL),(13,907,4),(13,908,NULL),(13,909,NULL),(13,910,NULL),(13,911,NULL),(13,912,2),(14,913,NULL),(14,914,1),(14,915,NULL),(14,916,NULL),(14,917,NULL),(14,918,NULL),(14,919,5),(14,920,NULL),(14,921,4),(14,922,NULL),(14,923,NULL),(14,924,NULL),(14,925,NULL),(14,926,NULL),(14,927,NULL),(14,928,6),(14,929,8),(14,930,NULL),(14,931,NULL),(14,932,NULL),(14,933,NULL),(14,934,NULL),(14,935,3),(14,936,NULL),(14,937,NULL),(14,938,7),(14,939,NULL),(14,940,NULL),(14,941,NULL),(14,942,NULL),(14,943,2),(14,944,NULL),(15,945,NULL),(15,946,1),(15,947,NULL),(15,948,NULL),(15,949,NULL),(15,950,3),(15,951,NULL),(15,952,NULL),(15,953,NULL),(15,954,NULL),(15,955,NULL),(15,956,4),(15,957,NULL),(15,958,NULL),(15,959,NULL),(15,960,2);
/*!40000 ALTER TABLE `PLAYED_IN_TOURNAMENTS` ENABLE KEYS */;
UNLOCK TABLES;

--
-- Table structure for table `PLAYERS`
--

DROP TABLE IF EXISTS `PLAYERS`;
/*!40101 SET @saved_cs_client     = @@character_set_client */;
/*!40101 SET character_set_client = utf8 */;
CREATE TABLE `PLAYERS` (
  `p_id` int(11) NOT NULL,
  `p_name` varchar(30) NOT NULL,
  `p_surname` varchar(30) NOT NULL,
  `p_gender` char(1) NOT NULL,
  `p_c_id` varchar(3) DEFAULT NULL,
  PRIMARY KEY (`p_id`),
  KEY `p_c_id` (`p_c_id`),
  CONSTRAINT `PLAYERS_ibfk_1` FOREIGN KEY (`p_c_id`) REFERENCES `COUNTRIES` (`c_id`),
  CONSTRAINT `CONSTRAINT_1` CHECK (`p_gender` in ('F','M'))
) ENGINE=InnoDB DEFAULT CHARSET=utf8mb4;
/*!40101 SET character_set_client = @saved_cs_client */;

--
-- Dumping data for table `PLAYERS`
--

LOCK TABLES `PLAYERS` WRITE;
/*!40000 ALTER TABLE `PLAYERS` DISABLE KEYS */;
INSERT INTO `PLAYERS` VALUES (0,'Roger','Federer','M','SUI'),(1,'Rafael','Nadal','M','ESP'),(2,'Nikolay','Davydenko','M','RUS'),(3,'Ivan','Ljubicic','M','CRO'),(4,'James','Blake','M','USA'),(5,'Andy','Roddick','M','USA'),(6,'Tommy','Robredo','M','ESP'),(7,'David','Nalbandian','M','ARG'),(8,'Mario','Ancic','M','CRO'),(9,'Fernando','Gonzalez','M','CHI'),(10,'Marcos','Baghdatis','M','CYP'),(11,'Tommy','Haas','M','GER'),(12,'Tomas','Berdych','M','CZE'),(13,'Novak','Djokovic','M','SRB'),(14,'Andy','Murray','M','GBR'),(15,'David','Ferrer','M','ESP'),(16,'Jarkko','Nieminen','M','FIN'),(17,'Richard','Gasquet','M','FRA'),(18,'Lleyton','Hewitt','M','AUS'),(19,'Radek','Stepanek','M','CZE'),(20,'Dmitry','Tursunov','M','RUS'),(21,'Dominik','Hrbaty','M','SVK'),(22,'Robin','Soderling','M','SWE'),(23,'Juan Carlos','Ferrero','M','ESP'),(24,'Mikhail','Youzhny','M','RUS'),(25,'Marat','Safin','M','RUS'),(26,'Jose','Acasuso','M','ARG'),(27,'Sebastien','Grosjean','M','FRA'),(28,'Xavier','Malisse','M','BEL'),(29,'Agustin','Calleri','M','ARG'),(30,'Stanislas','Wawrinka','M','SUI'),(31,'Nicolas','Almagro','M','ESP'),(32,'Bjorn','Phau','M','GER'),(33,'Jonas','Bjorkman','M','SWE'),(34,'Olivier','Patience','M','FRA'),(35,'Yen-Hsun','Lu','M','TPE'),(36,'Simon','Greul','M','GER'),(37,'Jan','Hernych','M','CZE'),(38,'Jan','Hajek','M','CZE'),(39,'Danai','Udomchoke','M','THA'),(40,'Martin','Vassallo-Arguello','M','ARG'),(41,'Feliciano','Lopez','M','ESP'),(42,'Brian','Wilson','M','USA'),(43,'Nicolas','Massu','M','CHI'),(44,'Rainer','Schuettler','M','GER'),(45,'Gael','Monfils','M','FRA'),(46,'Daniele','Bracciali','M','ITA'),(47,'Amer','Delic','M','USA'),(48,'Gilles','Simon','M','FRA'),(49,'Filippo','Volandri','M','ITA'),(50,'Samuel','Querrey','M','USA'),(51,'Florent','Serra','M','FRA'),(52,'Nicolas','Devilder','M','FRA'),(53,'Jurgen','Melzer','M','AUT'),(54,'Ivo','Karlovic','M','CRO'),(55,'Ruben','Ramirez-Hidalgo','M','ESP'),(56,'Mardy','Fish','M','USA'),(57,'Nicolas','Mahut','M','FRA'),(58,'Juan','Monaco','M','ARG'),(59,'Wayne','Arthurs','M','AUS'),(60,'Stefan','Koubek','M','AUT'),(61,'Zack','Fleishman','M','USA'),(62,'Michael','Llodra','M','FRA'),(63,'Lukas','Dlouhy','M','CZE'),(64,'Teimuraz','Gabashvili','M','RUS'),(65,'Thomas','Johansson','M','SWE'),(66,'Marco','Chiudinelli','M','SUI'),(67,'Kristian','Pless','M','DEN'),(68,'Go','Soeda','M','JPN'),(69,'Guillermo','Garcia-Lopez','M','ESP'),(70,'Joachim','Johansson','M','SWE'),(71,'Vince','Spadea','M','USA'),(72,'Igor','Andreev','M','RUS'),(73,'Jiri','Vanek','M','CZE'),(74,'Benjamin','Becker','M','GER'),(75,'Dudi','Sela','M','ISR'),(76,'Paradorn','Srichaphan','M','THA'),(77,'Marc','Gicquel','M','FRA'),(78,'Alun','Jones','M','AUS'),(79,'Jo-Wilfried','Tsonga','M','FRA'),(80,'Janko','Tipsarevic','M','SRB'),(81,'Nicolas','Lapentti','M','ECU'),(82,'Alan','Mackin','M','GBR'),(83,'Olivier','Rochus','M','BEL'),(84,'Chris','Guccione','M','AUS'),(85,'Christophe','Rochus','M','BEL'),(86,'Florian','Mayer','M','GER'),(87,'Andreas','Seppi','M','ITA'),(88,'Bobby','Reynolds','M','USA'),(89,'Ilija','Bozoljac','M','SRB'),(90,'Marin','Cilic','M','CRO'),(91,'Albert','Montanes','M','ESP'),(92,'Hyung-Taik','Lee','M','KOR'),(93,'Robert','Smeets','M','AUS'),(94,'Lukas','Lacko','M','SVK'),(95,'Max','Mirnyi','M','BLR'),(96,'Luis','Horna','M','PER'),(97,'Alexander','Waske','M','GER'),(98,'Arnaud','Clement','M','FRA'),(99,'Fabrice','Santoro','M','FRA'),(100,'Igor','Kunitsyn','M','RUS'),(101,'Gilles','Muller','M','LUX'),(102,'Gaston','Gaudio','M','ARG'),(103,'Sergio','Roitman','M','ARG'),(104,'Carlos','Moya','M','ESP'),(105,'Alex','Kuznetsov','M','USA'),(106,'Peter','Luczak','M','AUS'),(107,'Michael','Zverev','M','GER'),(108,'Michael','Berrer','M','GER'),(109,'Robby','Ginepri','M','USA'),(110,'Michael','Russell','M','USA'),(111,'Frank','Dancevic','M','CAN'),(112,'Victor','Hanescu','M','ROU'),(113,'Juan Martin','del Potro','M','ARG'),(114,'Alessio','di Mauro','M','ITA'),(115,'Evgueni','Korolev','M','RUS'),(116,'Alberto','Martin','M','ESP'),(117,'Fernando','Verdasco','M','ESP'),(118,'Paul-Henri','Mathieu','M','FRA'),(119,'Juan Ignacio','Chela','M','ARG'),(120,'Potito','Starace','M','ITA'),(121,'Paul','Goldstein','M','USA'),(122,'Kevin','Kim','M','USA'),(123,'Paul','Capdeville','M','CHI'),(124,'Julien','Benneteau','M','FRA'),(125,'Philipp','Kohlschreiber','M','GER'),(126,'Kristof','Vliegen','M','BEL'),(127,'Robert','Kendrick','M','USA'),(128,'Bob','Bryan','M','USA'),(129,'Mike','Bryan','M','USA'),(130,'Mark','Knowles','M','BAH'),(131,'Daniel','Nestor','M','CAN'),(132,'Paul','Hanley','M','AUS'),(133,'Kevin','Ullyett','M','ZIM'),(134,'Martin','Damm','M','CZE'),(135,'Leander','Paes','M','IND'),(136,'Nenad','Zimonjic','M','SRB'),(137,'Jonathan','Erlich','M','ISR'),(138,'Andy','Ram','M','ISR'),(139,'Mariusz','Fyrstenberg','M','POL'),(140,'Marcin','Matkowski','M','POL'),(141,'Pavel','Vizner','M','CZE'),(142,'Julian','Knowle','M','AUT'),(143,'Simon','Aspelin','M','SWE'),(144,'Chris','Haggard','M','RSA'),(145,'Frantisek','Cermak','M','CZE'),(146,'Jaroslav','Levinsky','M','CZE'),(147,'Wesley','Moodie','M','RSA'),(148,'Todd','Perry','M','AUS'),(149,'Leos','Friedl','M','CZE'),(150,'Michael','Kohlmann','M','GER'),(151,'Ashley','Fisher','M','AUS'),(152,'Tripp','Phillips','M','USA'),(153,'Andrew','Coelho','M','AUS'),(154,'Davide ','anguinetti','M','ITA'),(155,'Paul','Baccanello','M','AUS'),(156,'Eric','Butorac','M','USA'),(157,'Travis','Parrott','M','USA'),(158,'Yves','Allegro','M','SUI'),(159,'Robert','Lindstedt','M','SWE'),(160,'Jeff','Coetzee','M','RSA'),(161,'Rogier','Wassen','M','NED'),(162,'Lovro','Zovko','M','CRO'),(163,'Konstantinos','Economidis','M','GRE'),(164,'Jordan','Kerr','M','AUS'),(165,'David','Skoch','M','CZE'),(166,'Greg','Jones','M','AUS'),(167,'Brydan','Klein','M','AUS'),(168,'Jim','Thomas','M','USA'),(169,'Carsten','Ball','M','AUS'),(170,'Adam','Feeney','M','AUS'),(171,'Nathan','Healey','M','AUS'),(172,'Jamie','Murray','M','GBR'),(173,'Lukasz','Kubot','M','POL'),(174,'Oliver','Marach','M','AUT'),(175,'Martin','Garcia','M','ARG'),(176,'Sebastian','Prieto','M','ARG'),(177,'Michal','Mertinak','M','SVK'),(178,'Petr','Pala','M','CZE'),(179,'Alexander','Peya','M','AUT'),(180,'James','Auckland','M','GBR'),(181,'Stephen','Huss','M','AUS'),(182,'Mahesh','Bhupathi','M','IND'),(183,'Christopher','Kas','M','GER'),(184,'Philipp','Petzschner','M','GER'),(185,'Tomas','Cibulec','M','CZE'),(186,'Andrei','Pavel','M','ROU'),(187,'Leonardo','Azzaro','M','ITA'),(188,'Tomas','Behrend','M','GER'),(189,'Guillermo','Canas','M','ARG'),(190,'Thierry','Ascione','M','FRA'),(191,'Ivo','Minar','M','CZE'),(192,'Carlos','Berlocq','M','ARG'),(193,'Dusan','Vemic','M','SRB'),(194,'Fernando','Vicente','M','ESP'),(195,'Alejandro','Falla','M','COL'),(196,'Stefano','Galvani','M','ITA'),(197,'Werner','Eschauer','M','AUT'),(198,'Alexandre','Sidorenko','M','FRA'),(199,'Justin','Gimelstob','M','USA'),(200,'Ivan','Navarro-Pastor','M','ESP'),(201,'Boris','Pashanski','M','SRB'),(202,'Simone','Bolelli','M','ITA'),(203,'Martin','Verkerk','M','NED'),(204,'Fabio','Fognini','M','ITA'),(205,'Edouard','Roger-Vasselin','M','FRA'),(206,'Marcos','Daniel','M','BRA'),(207,'Santiago','Giraldo','M','COL'),(208,'Laurent','Recouderc','M','FRA'),(209,'Jonathan','Eysseric','M','FRA'),(210,'Mariano','Zabaleta','M','ARG'),(211,'Jerome','Haehnel','M','FRA'),(212,'Diego','Hartfield','M','ARG'),(213,'Bohdan','Ulihrach','M','CZE'),(214,'Oscar','Hernandez','M','ESP'),(215,'Juan Pablo','Guzman','M','ARG'),(216,'Juan Pablo','Brzezicki','M','ARG'),(217,'Mathieu','Montcourt','M','FRA'),(218,'Ernests','Gulbis','M','LAT'),(219,'Tim','Henman','M','GBR'),(220,'Flavio','Cipolla','M','ITA'),(221,'Josselyn','Ouanna','M','FRA'),(222,'Gregory','Carraz','M','FRA'),(223,'Marcel','Granollers','M','ESP'),(224,'Cyril','Suk','M','CZE'),(225,'Robin','Vik','M','CZE'),(226,'Thomas','Oger','M','FRA'),(227,'Nicolas','Tourte','M','FRA'),(228,'Scott','Lipsky','M','USA'),(229,'Pablo','Cuevas','M','URU'),(230,'Jeremy','Chardy','M','FRA'),(231,'Cyril','Saulnier','M','FRA'),(232,'Marcelo','Melo','M','BRA'),(233,'Andre','Sa','M','BRA'),(234,'Scoville','Jenkins','M','USA'),(235,'Rik','de Voest','M','RSA'),(236,'John','Isner','M','USA'),(237,'Donald','Young','M','USA'),(238,'Jesse','Levine','M','USA'),(239,'Nicolas','Kiefer','M','GER'),(240,'Steve','Darcis','M','BEL'),(241,'Bruno','Echagaray','M','MEX'),(242,'Michal','Przysiezny','M','POL'),(243,'Robin','Haase','M','NED'),(244,'Michael','McClune','M','USA'),(245,'Wayne','Odesnik','M','USA'),(246,'Dominik','Meffert','M','GER'),(247,'Ryan','Sweeting','M','USA'),(248,'Scott','Oudsema','M','USA'),(249,'Lukas','Kubot','M','POL'),(250,'Rajeev','Ram','M','USA'),(251,'Adrian','Garcia','M','CHI'),(252,'Tomas','Cibulek','M','CZE'),(253,'Gustavo','Kuerten','M','BRA'),(254,'Jarrko','Nieminen','M','FIN'),(255,'Kellen','Damico','M','USA'),(256,'Nathaniel','Schnugg','M','USA'),(257,'Harel','Levy','M','ISR'),(258,'David','Martin','M','USA'),(259,'Phillip','Simmonds','M','USA'),(260,'Aisam','Qureshi','M','PAK'),(261,'Lee','Childs','M','GBR'),(262,'Tomas','Zib','M','CZE'),(263,'Jamie','Baker','M','GBR'),(264,'Joshua','Goodall','M','GBR'),(265,'Alex','Bogdanovic','M','GBR'),(266,'Richard','Bloomfield','M','GBR'),(267,'Yeu-Tzuoo','Wang','M','TPE'),(268,'Thiemo','de Bakker','M','NED'),(269,'Sam','Warburg','M','USA'),(270,'Jonathan','Marray','M','GBR'),(271,'Lars','Burgsmuller','M','GER'),(272,'Orest','Tereshchuk','M','UKR'),(273,'Sanchai','Ratiwatana','M','THA'),(274,'Sonchat','Ratiwatana','M','THA'),(275,'Jamie','Delgado','M','GBR'),(276,'Neil','Bamford','M','GBR'),(277,'Jim','May','M','GBR'),(278,'Ruben','Ramirez-Hildago','M','ESP'),(279,'Dick','Norman','M','BEL'),(280,'Thomas','Behrend','M','GER'),(281,'Ross','Hutchins','M','GBR'),(282,'Woong-Sun','Jun','M','KOR'),(283,'Daniel','King-Turner','M','NZL'),(284,'Lukas','Rosol','M','CZE'),(285,'Augustin','Calleri','M','ARG'),(286,'Daniel','King-Tuner','M','NZL'),(287,'Rubin','Statham','M','NZL'),(288,'Oliver','Statham','M','NZL'),(289,'Olivier','Richus','M','BEL'),(290,'Rogerio','Silva','M','BRA'),(291,'Flavio','Saretta','M','BRA'),(292,'Thiago','Alves','M','BRA'),(293,'Albert','Portas','M','ESP'),(294,'Eduardo','Schwank','M','ARG'),(295,'Pablo','Andujar','M','ESP'),(296,'Andre','Ghem','M','BRA'),(297,'Alexandre','Simoni','M','BRA'),(298,'Wesley','Whitehouse','M','RSA'),(299,'Ricardo','Mello','M','BRA'),(300,'Phillip','King','M','USA'),(301,'Kei','Nishikori','M','JPN'),(302,'George','Bastl','M','SUI'),(303,'Ryan','Thacher','M','USA'),(304,'Matthias','Bachinger','M','GER'),(305,'Andreas','Beck','M','GER'),(306,'Daniel','Brands','M','GER'),(307,'Raemon','Sluiter','M','NED'),(308,'Tobias','Summerer','M','GER');
/*!40000 ALTER TABLE `PLAYERS` ENABLE KEYS */;
UNLOCK TABLES;

--
-- Table structure for table `REGISTRATIONS`
--

DROP TABLE IF EXISTS `REGISTRATIONS`;
/*!40101 SET @saved_cs_client     = @@character_set_client */;
/*!40101 SET character_set_client = utf8 */;
CREATE TABLE `REGISTRATIONS` (
  `r_num` int(11) NOT NULL,
  `r_p_id` int(11) NOT NULL,
  PRIMARY KEY (`r_num`,`r_p_id`),
  KEY `r_p_id` (`r_p_id`),
  CONSTRAINT `REGISTRATIONS_ibfk_1` FOREIGN KEY (`r_p_id`) REFERENCES `PLAYERS` (`p_id`)
) ENGINE=InnoDB DEFAULT CHARSET=utf8mb4;
/*!40101 SET character_set_client = @saved_cs_client */;

--
-- Dumping data for table `REGISTRATIONS`
--

LOCK TABLES `REGISTRATIONS` WRITE;
/*!40000 ALTER TABLE `REGISTRATIONS` DISABLE KEYS */;
INSERT INTO `REGISTRATIONS` VALUES (0,0),(1,32),(2,33),(3,34),(4,35),(5,36),(6,24),(7,37),(8,23),(9,38),(10,39),(11,40),(12,41),(13,42),(14,13),(15,43),(16,10),(17,44),(18,45),(19,46),(20,47),(21,48),(22,17),(23,49),(24,50),(25,26),(26,51),(27,52),(28,53),(29,54),(30,6),(31,55),(32,56),(33,3),(34,57),(35,58),(36,59),(37,60),(38,61),(39,29),(40,19),(41,62),(42,63),(43,64),(44,65),(45,66),(46,15),(47,67),(48,8),(49,68),(50,69),(51,70),(52,71),(53,72),(54,21),(55,73),(56,25),(57,74),(58,75),(59,76),(60,77),(61,78),(62,5),(63,79),(64,7),(65,80),(66,81),(67,82),(68,83),(69,84),(70,27),(71,85),(72,86),(73,22),(74,87),(75,88),(76,89),(77,90),(78,11),(79,91),(80,12),(81,92),(82,93),(83,94),(84,95),(85,96),(86,20),(87,97),(88,98),(89,28),(90,99),(91,100),(92,101),(93,102),(94,2),(95,103),(96,4),(97,104),(98,105),(99,106),(100,107),(101,108),(102,109),(103,31),(104,18),(105,110),(106,111),(107,112),(108,113),(109,114),(110,9),(111,115),(112,14),(113,116),(114,117),(115,118),(116,119),(117,120),(118,16),(119,121),(120,30),(121,122),(122,123),(123,124),(124,125),(125,126),(126,1),(127,127),(128,128),(128,129),(129,78),(129,153),(130,37),(130,71),(131,21),(131,46),(132,51),(132,77),(133,48),(133,154),(134,147),(134,148),(135,36),(135,86),(136,145),(136,146),(137,84),(137,155),(138,156),(138,157),(139,158),(139,159),(140,160),(140,161),(141,54),(141,162),(142,10),(142,163),(143,139),(143,140),(144,130),(144,131),(145,26),(145,40),(146,47),(146,56),(147,59),(147,106),(148,164),(148,165),(149,35),(149,39),(150,151),(150,152),(151,166),(151,167),(152,53),(152,142),(153,72),(153,100),(154,116),(154,120),(155,121),(155,168),(156,169),(156,170),(157,24),(157,115),(158,99),(158,136),(159,88),(159,127),(160,134),(160,135),(161,13),(161,80),(162,93),(162,171),(163,92),(163,122),(164,57),(164,124),(165,74),(165,172),(166,143),(166,144),(167,28),(167,111),(168,173),(168,174),(169,62),(169,98),(170,83),(170,126),(171,175),(171,176),(172,177),(172,178),(173,81),(173,96),(174,132),(174,133),(175,32),(175,179),(176,137),(176,138),(177,16),(177,65),(178,180),(178,181),(179,60),(179,125),(180,19),(180,182),(181,27),(181,34),(182,63),(182,141),(183,183),(183,184),(184,44),(184,185),(185,149),(185,150),(186,97),(186,186),(187,31),(187,117),(188,55),(188,103),(189,49),(189,187),(190,33),(190,95),(191,69),(191,188),(192,0),(193,110),(194,190),(195,90),(196,120),(197,191),(198,192),(199,124),(200,23),(201,47),(202,60),(203,85),(204,81),(205,179),(206,24),(207,37),(208,6),(209,103),(210,163),(211,84),(212,80),(213,193),(214,25),(215,194),(216,49),(217,123),(218,40),(219,195),(220,30),(221,55),(222,3),(223,98),(224,2),(225,196),(226,197),(227,198),(228,62),(229,52),(230,31),(231,199),(232,119),(233,99),(234,45),(235,83),(236,200),(237,201),(238,7),(239,92),(240,17),(241,57),(242,126),(243,39),(244,202),(245,203),(246,189),(247,112),(248,53),(249,26),(250,58),(251,204),(252,205),(253,206),(254,19),(255,9),(256,13),(257,207),(258,208),(259,50),(260,34),(261,209),(262,210),(263,29),(264,20),(265,114),(266,117),(267,211),(268,212),(269,109),(270,15),(271,46),(272,10),(273,27),(274,67),(275,35),(276,38),(277,65),(278,213),(279,21),(280,118),(281,86),(282,48),(283,71),(284,43),(285,96),(286,72),(287,5),(288,54),(289,4),(290,33),(291,106),(292,214),(293,215),(294,125),(295,63),(296,104),(297,87),(298,51),(299,100),(300,216),(301,127),(302,69),(303,12),(304,18),(305,95),(306,102),(307,77),(308,217),(309,74),(310,16),(311,41),(312,91),(313,22),(314,218),(315,219),(316,220),(317,64),(318,1),(319,113),(320,128),(320,129),(321,67),(321,71),(322,45),(322,221),(323,3),(323,46),(324,173),(324,174),(325,217),(325,222),(326,175),(326,176),(327,50),(327,110),(328,63),(328,141),(329,190),(329,205),(330,164),(330,185),(331,156),(331,172),(332,103),(332,203),(333,16),(333,65),(334,142),(334,143),(335,21),(335,146),(336,99),(336,136),(337,74),(337,86),(338,41),(338,223),(339,198),(339,211),(340,83),(340,126),(341,224),(341,225),(342,158),(342,168),(343,60),(343,125),(344,62),(344,98),(345,30),(345,48),(346,177),(346,178),(347,47),(347,157),(348,20),(348,100),(349,180),(349,181),(350,132),(350,133),(351,51),(351,77),(352,130),(352,131),(353,183),(353,188),(354,226),(354,227),(355,72),(355,96),(356,92),(356,144),(357,109),(357,228),(358,97),(358,186),(359,32),(359,179),(360,149),(360,165),(361,151),(361,152),(362,192),(362,229),(363,58),(363,210),(364,44),(364,150),(365,43),(365,64),(366,134),(366,135),(367,209),(367,230),(368,137),(368,138),(369,27),(369,231),(370,232),(370,233),(371,127),(371,199),(372,49),(372,69),(373,40),(373,120),(374,19),(374,182),(375,139),(375,140),(376,57),(376,124),(377,147),(377,148),(378,160),(378,161),(379,55),(379,91),(380,59),(380,117),(381,38),(381,145),(382,33),(382,95),(383,113),(383,202),(384,0),(385,234),(386,123),(387,44),(388,235),(389,190),(390,236),(391,16),(392,41),(393,23),(394,72),(395,127),(396,237),(397,84),(398,17),(399,103),(400,12),(401,77),(402,202),(403,124),(404,48),(405,97),(406,117),(407,118),(408,98),(409,54),(410,65),(411,43),(412,26),(413,40),(414,5),(415,199),(416,2),(417,238),(418,239),(419,71),(420,96),(421,106),(422,31),(423,105),(424,14),(425,229),(426,33),(427,215),(428,92),(429,21),(430,189),(431,55),(432,11),(433,240),(434,184),(435,74),(436,27),(437,121),(438,95),(439,10),(440,62),(441,49),(442,60),(443,50),(444,99),(445,91),(446,4),(447,110),(448,6),(449,88),(450,56),(451,241),(452,108),(453,242),(454,218),(455,120),(456,104),(457,32),(458,100),(459,69),(460,125),(461,210),(462,24),(463,52),(464,18),(465,47),(466,29),(467,87),(468,75),(469,81),(470,58),(471,205),(472,53),(473,212),(474,113),(475,57),(476,19),(477,192),(478,13),(479,243),(480,64),(481,9),(482,109),(483,83),(484,30),(485,115),(486,25),(487,111),(488,119),(489,244),(490,245),(491,39),(492,186),(493,246),(494,3),(495,126),(496,15),(497,86),(498,51),(499,197),(500,28),(501,67),(502,7),(503,200),(504,219),(505,20),(506,79),(507,214),(508,80),(509,247),(510,1),(511,78),(512,128),(512,129),(513,236),(513,248),(514,177),(514,178),(515,146),(515,148),(516,41),(516,223),(517,103),(517,120),(518,160),(518,161),(519,26),(519,58),(520,142),(520,143),(521,165),(521,249),(522,29),(522,96),(523,237),(523,250),(524,197),(524,229),(525,121),(525,168),(526,137),(526,138),(527,88),(527,151),(528,57),(528,124),(529,134),(529,135),(530,44),(530,150),(531,179),(531,183),(532,43),(532,71),(533,176),(533,251),(534,152),(534,164),(535,99),(535,147),(536,97),(536,186),(537,212),(537,214),(538,48),(538,51),(539,31),(539,200),(540,50),(540,127),(541,224),(541,252),(542,136),(542,182),(543,20),(543,100),(544,132),(544,133),(545,77),(545,83),(546,92),(546,157),(547,3),(547,202),(548,65),(548,144),(549,74),(549,180),(550,139),(550,140),(551,27),(551,80),(552,145),(552,149),(553,55),(553,91),(554,232),(554,233),(555,109),(555,253),(556,159),(556,254),(557,118),(557,205),(558,33),(558,95),(559,255),(559,256),(560,62),(560,98),(561,60),(561,125),(562,105),(562,238),(563,21),(563,257),(564,54),(564,64),(565,87),(565,117),(566,63),(566,141),(567,228),(567,258),(568,156),(568,172),(569,86),(569,188),(570,47),(570,199),(571,53),(571,243),(572,126),(572,158),(573,234),(573,259),(574,130),(574,131),(575,49),(575,187),(576,0),(577,64),(578,113),(579,154),(580,260),(581,261),(582,25),(583,235),(584,20),(585,31),(586,108),(587,91),(588,262),(589,212),(590,11),(591,61),(592,4),(593,72),(594,186),(595,215),(596,101),(597,214),(598,23),(599,38),(600,51),(601,125),(602,80),(603,179),(604,195),(605,50),(606,9),(607,109),(608,5),(609,199),(610,39),(611,192),(612,117),(613,88),(614,87),(615,21),(616,15),(617,103),(618,118),(619,19),(620,37),(621,77),(622,3),(623,71),(624,17),(625,213),(626,57),(627,98),(628,205),(629,263),(630,119),(631,74),(632,219),(633,104),(634,41),(635,264),(636,79),(637,124),(638,81),(639,122),(640,2),(641,115),(642,84),(643,265),(644,45),(645,65),(646,126),(647,58),(648,7),(649,107),(650,111),(651,60),(652,52),(653,210),(654,10),(655,218),(656,18),(657,266),(658,202),(659,69),(660,95),(661,35),(662,189),(663,200),(664,239),(665,49),(666,99),(667,54),(668,47),(669,63),(670,13),(671,120),(672,12),(673,43),(674,62),(675,30),(676,92),(677,40),(678,29),(679,96),(680,33),(681,194),(682,267),(683,100),(684,59),(685,268),(686,6),(687,127),(688,24),(689,67),(690,48),(691,90),(692,86),(693,269),(694,16),(695,110),(696,22),(697,83),(698,27),(699,270),(700,197),(701,55),(702,1),(703,56),(704,128),(704,129),(705,69),(705,117),(706,83),(706,126),(707,271),(707,272),(708,266),(708,270),(709,273),(709,274),(710,139),(710,173),(711,263),(711,265),(712,63),(712,141),(713,164),(713,185),(714,145),(714,149),(715,80),(715,92),(716,156),(716,172),(717,120),(717,214),(718,137),(718,138),(719,105),(719,107),(720,99),(720,136),(721,261),(721,275),(722,109),(722,157),(723,276),(723,277),(724,93),(724,122),(725,3),(725,218),(726,146),(726,165),(727,6),(727,223),(728,108),(728,150),(729,151),(729,152),(730,228),(730,258),(731,91),(731,278),(732,180),(732,181),(733,89),(733,279),(734,134),(734,135),(735,140),(735,144),(736,132),(736,133),(737,52),(737,118),(738,232),(738,233),(739,57),(739,124),(740,59),(740,199),(741,113),(741,202),(742,179),(742,183),(743,158),(743,168),(744,147),(744,148),(745,160),(745,161),(746,86),(746,280),(747,67),(747,203),(748,51),(748,77),(749,64),(749,72),(750,130),(750,131),(751,31),(751,200),(752,65),(752,186),(753,142),(753,143),(754,20),(754,100),(755,264),(755,281),(756,47),(756,88),(757,10),(757,30),(758,62),(758,98),(759,48),(759,110),(760,175),(760,176),(761,29),(761,81),(762,250),(762,257),(763,21),(763,177),(764,74),(764,178),(765,224),(765,225),(766,16),(766,159),(767,33),(767,95),(768,6),(769,55),(770,116),(771,45),(772,125),(773,96),(774,21),(775,282),(776,83),(777,16),(778,58),(779,283),(780,51),(781,81),(782,29),(783,113),(784,31),(785,30),(786,126),(787,80),(788,46),(789,48),(790,15),(791,102),(792,43),(793,23),(794,119),(795,57),(796,56),(797,127),(798,8),(799,284),(800,143),(800,144),(801,119),(801,285),(802,16),(802,286),(803,287),(803,288),(804,165),(804,178),(805,158),(805,159),(806,21),(806,46),(807,48),(807,51),(808,81),(808,96),(809,55),(809,58),(810,15),(810,31),(811,175),(811,176),(812,83),(812,126),(813,43),(813,116),(814,160),(814,161),(815,149),(815,150),(816,126),(816,289),(817,23),(818,103),(819,52),(820,290),(821,40),(822,34),(823,120),(824,102),(825,31),(826,194),(827,63),(828,72),(829,291),(830,114),(831,253),(832,49),(833,119),(834,116),(835,55),(836,196),(837,58),(838,73),(839,292),(840,104),(841,293),(842,294),(843,189),(844,206),(845,91),(846,295),(847,29),(848,212),(849,63),(849,141),(850,253),(850,296),(851,232),(851,233),(852,196),(852,212),(853,73),(853,185),(854,149),(854,150),(855,31),(855,223),(856,40),(856,215),(857,120),(857,194),(858,206),(858,297),(859,29),(859,58),(860,175),(860,176),(861,116),(861,293),(862,34),(862,52),(863,55),(863,91),(864,139),(864,140),(865,61),(866,9),(867,127),(868,298),(869,19),(870,265),(871,56),(872,50),(873,100),(874,7),(875,239),(876,64),(877,299),(878,300),(879,108),(880,47),(881,92),(882,122),(883,147),(884,301),(885,302),(886,89),(887,25),(888,84),(889,20),(890,39),(891,71),(892,292),(893,121),(894,251),(895,4),(896,179),(897,128),(897,129),(898,152),(898,157),(899,47),(899,100),(900,180),(900,181),(901,147),(901,160),(902,61),(902,303),(903,7),(903,9),(904,64),(904,71),(905,273),(905,274),(906,39),(906,92),(907,164),(907,168),(908,121),(908,127),(909,50),(909,56),(910,265),(910,281),(911,228),(911,258),(912,156),(912,172),(913,27),(914,11),(915,40),(916,92),(917,125),(918,98),(919,16),(920,44),(921,10),(922,212),(923,304),(924,305),(925,306),(926,203),(927,97),(928,19),(929,53),(930,83),(931,307),(932,38),(933,74),(934,136),(935,24),(936,60),(937,52),(938,189),(939,308),(940,218),(941,43),(942,65),(943,12),(944,86),(945,246),(945,305),(946,97),(946,142),(947,19),(947,182),(948,74),(948,183),(949,24),(949,125),(950,158),(950,168),(951,10),(951,16),(952,188),(952,304),(953,27),(953,98),(954,52),(954,212),(955,38),(955,146),(956,144),(956,151),(957,60),(957,83),(958,65),(958,148),(959,44),(959,150),(960,141),(960,178);
/*!40000 ALTER TABLE `REGISTRATIONS` ENABLE KEYS */;
UNLOCK TABLES;

--
-- Table structure for table `RETIRED_MATCHES`
--

DROP TABLE IF EXISTS `RETIRED_MATCHES`;
/*!40101 SET @saved_cs_client     = @@character_set_client */;
/*!40101 SET character_set_client = utf8 */;
CREATE TABLE `RETIRED_MATCHES` (
  `rm_m_id` int(11) DEFAULT NULL
) ENGINE=InnoDB DEFAULT CHARSET=utf8mb4;
/*!40101 SET character_set_client = @saved_cs_client */;

--
-- Dumping data for table `RETIRED_MATCHES`
--

LOCK TABLES `RETIRED_MATCHES` WRITE;
/*!40000 ALTER TABLE `RETIRED_MATCHES` DISABLE KEYS */;
INSERT INTO `RETIRED_MATCHES` VALUES (100),(195),(196),(197),(207),(220),(25),(250),(252),(296),(32),(35),(382),(390),(4),(406),(451),(453),(475),(493),(508),(57),(580),(612),(695),(725),(751),(854),(872),(91),(910),(100),(195),(196),(197),(207),(220),(25),(250),(252),(296),(32),(35),(382),(390),(4),(406),(451),(453),(475),(493),(508),(57),(580),(612),(695),(725),(751),(854),(872),(91),(910);
/*!40000 ALTER TABLE `RETIRED_MATCHES` ENABLE KEYS */;
UNLOCK TABLES;

--
-- Table structure for table `SET_SCORES`
--

DROP TABLE IF EXISTS `SET_SCORES`;
/*!40101 SET @saved_cs_client     = @@character_set_client */;
/*!40101 SET character_set_client = utf8 */;
CREATE TABLE `SET_SCORES` (
  `ss_m_id` int(11) DEFAULT NULL,
  `ss_set_num` int(11) DEFAULT NULL,
  `ss_winner_games` int(11) DEFAULT NULL,
  `ss_loser_games` int(11) DEFAULT NULL
) ENGINE=InnoDB DEFAULT CHARSET=utf8mb4;
/*!40101 SET character_set_client = @saved_cs_client */;

--
-- Dumping data for table `SET_SCORES`
--

LOCK TABLES `SET_SCORES` WRITE;
/*!40000 ALTER TABLE `SET_SCORES` DISABLE KEYS */;
INSERT INTO `SET_SCORES` VALUES (0,1,7,5),(0,2,6,0),(0,3,6,4),(1,1,5,7),(1,2,4,6),(1,3,6,0),(1,4,6,1),(1,5,6,2),(10,1,6,3),(10,2,6,0),(10,3,6,2),(100,1,3,0),(101,1,6,7),(101,2,4,6),(101,3,6,0),(101,4,6,4),(101,5,6,3),(102,1,6,3),(102,2,6,2),(102,3,6,1),(103,1,7,6),(103,2,2,6),(103,3,6,4),(103,4,7,6),(104,1,5,7),(104,2,4,6),(104,3,7,6),(104,4,6,4),(104,5,6,1),(105,1,7,6),(105,2,6,3),(105,3,6,3),(106,1,6,2),(106,2,6,1),(106,3,6,1),(107,1,7,6),(107,2,6,2),(107,3,6,2),(108,1,7,6),(108,2,7,5),(108,3,6,2),(109,1,6,2),(109,2,6,2),(109,3,5,7),(109,4,6,4),(11,1,6,4),(11,2,6,4),(11,3,6,2),(110,1,6,3),(110,2,6,2),(110,3,6,4),(111,1,6,2),(111,2,6,2),(111,3,6,2),(112,1,6,2),(112,2,7,5),(112,3,6,3),(113,1,6,4),(113,2,6,2),(113,3,3,6),(113,4,6,4),(114,1,6,1),(114,2,7,6),(114,3,2,6),(114,4,7,5),(115,1,6,3),(115,2,3,6),(115,3,6,1),(115,4,5,7),(115,5,6,4),(116,1,4,6),(116,2,6,3),(116,3,6,2),(116,4,6,3),(117,1,5,7),(117,2,6,4),(117,3,6,1),(117,4,7,6),(118,1,7,5),(118,2,6,4),(118,3,7,6),(119,1,6,7),(119,2,6,4),(119,3,4,6),(119,4,6,3),(119,5,6,1),(12,1,6,7),(12,2,6,4),(12,3,6,1),(12,4,6,3),(120,1,6,4),(120,2,7,6),(120,3,7,5),(121,1,6,2),(121,2,6,2),(121,3,6,2),(122,1,6,3),(122,2,2,6),(122,3,1,6),(122,4,6,1),(122,5,7,5),(123,1,6,2),(123,2,6,4),(123,3,6,3),(124,1,6,4),(124,2,6,0),(124,3,6,2),(125,1,6,1),(125,2,6,3),(125,3,6,1),(126,1,7,6),(126,2,6,4),(126,3,6,4),(127,1,6,1),(127,2,6,1),(128,1,6,2),(128,2,3,6),(128,3,6,4),(129,1,6,3),(129,2,6,4),(13,1,7,5),(13,2,6,2),(13,3,6,4),(130,1,6,4),(130,2,6,4),(131,1,6,7),(131,2,6,3),(131,3,7,6),(132,1,4,6),(132,2,6,4),(132,3,7,6),(133,1,7,5),(133,2,6,7),(133,3,6,2),(134,1,6,4),(134,2,6,2),(135,1,7,6),(135,2,6,4),(136,1,7,5),(136,2,6,3),(137,1,6,4),(137,2,6,4),(138,1,6,4),(138,2,6,0),(139,1,6,4),(139,2,6,4),(14,1,6,4),(14,2,6,4),(14,3,7,6),(140,1,3,6),(140,2,7,6),(140,3,7,5),(141,1,6,4),(141,2,6,4),(142,1,7,5),(142,2,7,5),(143,1,7,6),(143,2,4,6),(143,3,6,3),(144,1,6,1),(144,2,7,6),(145,1,6,4),(145,2,6,2),(146,1,4,6),(146,2,7,6),(146,3,7,5),(147,1,6,4),(147,2,6,7),(147,3,6,2),(148,1,6,4),(148,2,3,6),(148,3,7,6),(149,1,6,3),(149,2,7,5),(15,1,6,4),(15,2,6,4),(15,3,6,0),(150,1,4,6),(150,2,7,5),(150,3,6,2),(151,1,6,2),(151,2,4,6),(151,3,7,5),(152,1,7,6),(152,2,6,7),(152,3,7,5),(153,1,6,1),(153,2,6,7),(153,3,6,4),(154,1,4,6),(154,2,6,4),(154,3,6,2),(155,1,6,4),(155,2,6,4),(156,1,6,1),(156,2,7,6),(157,1,6,3),(157,2,6,3),(158,1,6,0),(158,2,6,1),(159,1,6,1),(159,2,6,2),(16,1,4,6),(16,2,7,6),(16,3,6,4),(16,4,6,4),(160,1,6,3),(160,2,6,4),(161,1,7,6),(161,2,3,6),(161,3,6,3),(162,1,6,2),(162,2,6,4),(163,1,6,4),(163,2,6,4),(164,1,5,7),(164,2,7,6),(164,3,7,6),(165,1,6,4),(165,2,6,2),(166,1,3,6),(166,2,6,3),(166,3,6,2),(167,1,6,4),(167,2,6,2),(168,1,6,3),(168,2,7,5),(169,1,6,3),(169,2,6,2),(17,1,6,0),(17,2,6,7),(17,3,6,3),(17,4,6,4),(170,1,6,1),(170,2,6,7),(170,3,6,3),(171,1,6,1),(171,2,1,6),(171,3,6,1),(172,1,4,6),(172,2,6,3),(172,3,7,6),(173,1,7,6),(173,2,6,0),(174,1,5,7),(174,2,6,3),(174,3,6,1),(175,1,6,3),(175,2,7,6),(176,1,7,6),(176,2,6,2),(177,1,7,5),(177,2,6,2),(178,1,7,6),(178,2,6,3),(179,1,7,5),(179,2,7,6),(18,1,1,6),(18,2,6,7),(18,3,7,6),(18,4,6,2),(18,5,6,3),(180,1,6,3),(180,2,6,4),(181,1,7,6),(181,2,4,6),(181,3,6,3),(182,1,7,6),(182,2,6,4),(183,1,7,5),(183,2,7,5),(184,1,6,3),(184,2,6,3),(185,1,7,6),(185,2,6,2),(186,1,6,3),(186,2,6,2),(187,1,2,6),(187,2,6,3),(187,3,7,5),(188,1,2,6),(188,2,7,5),(188,3,7,6),(189,1,7,5),(189,2,7,5),(19,1,7,5),(19,2,4,6),(19,3,6,3),(19,4,6,4),(190,1,6,4),(190,2,6,2),(190,3,6,4),(191,1,6,2),(191,2,6,2),(191,3,6,1),(192,1,4,6),(192,2,6,1),(192,3,6,4),(192,4,7,6),(193,1,6,7),(193,2,7,5),(193,3,6,2),(193,4,6,3),(194,1,6,7),(194,2,6,3),(194,3,6,4),(194,4,6,4),(195,1,6,7),(195,2,7,6),(195,3,6,4),(195,4,1,2),(196,1,6,1),(196,2,6,4),(196,3,2,1),(197,1,1,0),(198,1,6,3),(198,2,6,4),(198,3,6,2),(199,1,6,7),(199,2,6,4),(199,3,6,4),(199,4,6,1),(2,1,6,3),(2,2,6,4),(2,3,6,3),(20,1,6,2),(20,2,6,4),(20,3,6,0),(200,1,7,6),(200,2,6,4),(200,3,4,6),(200,4,6,3),(201,1,6,1),(201,2,6,3),(201,3,6,1),(202,1,6,3),(202,2,7,5),(202,3,6,3),(203,1,6,3),(203,2,6,3),(203,3,6,7),(203,4,7,6),(204,1,0,6),(204,2,5,7),(204,3,6,2),(204,4,7,5),(204,5,6,4),(205,1,6,1),(205,2,7,5),(205,3,7,6),(206,1,6,3),(206,2,6,1),(206,3,6,1),(207,1,6,3),(207,2,3,6),(207,3,6,2),(207,4,5,4),(208,1,6,4),(208,2,6,3),(208,3,6,3),(209,1,6,4),(209,2,6,4),(209,3,6,4),(21,1,6,3),(21,2,6,1),(21,3,6,7),(21,4,6,7),(21,5,16,14),(210,1,6,7),(210,2,6,0),(210,3,6,3),(210,4,6,3),(211,1,4,6),(211,2,6,4),(211,3,6,2),(211,4,3,6),(211,5,6,1),(212,1,7,6),(212,2,6,4),(212,3,6,4),(213,1,6,2),(213,2,6,1),(213,3,3,6),(213,4,6,3),(214,1,6,3),(214,2,6,2),(214,3,6,2),(215,1,6,2),(215,2,6,4),(215,3,6,3),(216,1,6,1),(216,2,6,4),(216,3,6,4),(217,1,6,3),(217,2,6,1),(217,3,6,4),(218,1,6,4),(218,2,7,5),(218,3,6,4),(219,1,3,6),(219,2,2,6),(219,3,6,1),(219,4,6,2),(219,5,6,4),(22,1,6,4),(22,2,3,6),(22,3,1,6),(22,4,6,4),(22,5,6,2),(220,1,6,1),(220,2,4,1),(221,1,6,2),(221,2,6,2),(221,3,6,4),(222,1,6,3),(222,2,7,6),(222,3,6,4),(223,1,7,6),(223,2,2,6),(223,3,6,0),(223,4,6,7),(223,5,6,3),(224,1,6,1),(224,2,3,6),(224,3,6,2),(224,4,6,4),(225,1,6,4),(225,2,6,7),(225,3,7,6),(225,4,7,5),(226,1,6,3),(226,2,6,4),(226,3,3,6),(226,4,6,3),(227,1,4,6),(227,2,6,2),(227,3,6,2),(227,4,6,0),(228,1,6,4),(228,2,1,6),(228,3,5,7),(228,4,6,4),(228,5,6,2),(229,1,6,1),(229,2,6,1),(229,3,6,2),(23,1,7,5),(23,2,6,4),(23,3,6,3),(230,1,6,3),(230,2,6,2),(230,3,6,4),(231,1,6,3),(231,2,6,2),(231,3,7,6),(232,1,7,5),(232,2,7,6),(232,3,7,6),(233,1,6,2),(233,2,5,7),(233,3,6,7),(233,4,6,4),(233,5,6,3),(234,1,6,3),(234,2,6,4),(234,3,6,2),(235,1,2,6),(235,2,6,4),(235,3,6,4),(235,4,6,3),(236,1,6,4),(236,2,7,5),(236,3,3,6),(236,4,6,7),(236,5,6,2),(237,1,3,6),(237,2,6,4),(237,3,6,3),(237,4,6,4),(238,1,4,6),(238,2,6,4),(238,3,7,5),(238,4,7,5),(239,1,6,7),(239,2,5,7),(239,3,6,3),(239,4,6,3),(239,5,6,1),(24,1,6,4),(24,2,6,3),(24,3,6,2),(240,1,7,6),(240,2,6,0),(240,3,6,2),(241,1,6,2),(241,2,3,6),(241,3,7,5),(241,4,4,6),(241,5,17,15),(242,1,6,1),(242,2,3,6),(242,3,6,3),(242,4,2,6),(242,5,6,0),(243,1,6,3),(243,2,6,0),(243,3,6,2),(244,1,6,1),(244,2,3,6),(244,3,6,2),(244,4,6,1),(245,1,7,5),(245,2,6,4),(245,3,6,4),(246,1,6,3),(246,2,6,1),(246,3,6,3),(247,1,3,6),(247,2,6,3),(247,3,3,6),(247,4,6,4),(247,5,6,3),(248,1,6,3),(248,2,6,1),(248,3,6,3),(249,1,6,2),(249,2,6,4),(249,3,7,6),(25,1,1,1),(250,1,7,6),(250,2,4,1),(251,1,6,4),(251,2,6,3),(251,3,6,2),(252,1,7,6),(252,2,6,3),(252,3,5,2),(253,1,7,5),(253,2,6,3),(253,3,6,2),(254,1,6,1),(254,2,6,2),(254,3,7,6),(255,1,6,2),(255,2,6,4),(255,3,6,2),(256,1,6,4),(256,2,7,5),(256,3,6,3),(257,1,6,3),(257,2,6,0),(257,3,6,4),(258,1,6,4),(258,2,7,5),(258,3,6,4),(259,1,6,4),(259,2,6,4),(259,3,7,5),(26,1,6,2),(26,2,7,6),(26,3,6,1),(260,1,7,6),(260,2,7,5),(260,3,6,2),(261,1,6,3),(261,2,6,3),(261,3,6,7),(261,4,6,3),(262,1,7,5),(262,2,6,3),(262,3,6,1),(263,1,2,6),(263,2,6,2),(263,3,6,7),(263,4,6,4),(263,5,6,4),(264,1,3,6),(264,2,6,3),(264,3,6,3),(264,4,6,1),(265,1,7,5),(265,2,6,4),(265,3,6,4),(266,1,7,6),(266,2,6,3),(266,3,6,1),(267,1,6,4),(267,2,6,3),(267,3,6,3),(268,1,6,2),(268,2,6,3),(268,3,6,2),(269,1,3,6),(269,2,6,1),(269,3,0,6),(269,4,6,4),(269,5,6,4),(27,1,6,7),(27,2,7,6),(27,3,6,1),(27,4,6,3),(270,1,6,3),(270,2,3,6),(270,3,6,3),(270,4,6,1),(271,1,7,5),(271,2,6,3),(271,3,3,6),(271,4,2,6),(271,5,6,4),(272,1,6,4),(272,2,6,4),(272,3,6,4),(273,1,6,4),(273,2,6,3),(273,3,7,6),(274,1,7,5),(274,2,6,3),(274,3,6,4),(275,1,1,6),(275,2,6,2),(275,3,7,6),(275,4,3,6),(275,5,6,2),(276,1,3,6),(276,2,6,4),(276,3,6,1),(276,4,7,6),(277,1,6,3),(277,2,3,6),(277,3,6,3),(277,4,7,5),(278,1,3,6),(278,2,3,6),(278,3,6,4),(278,4,7,6),(278,5,6,3),(279,1,7,6),(279,2,6,1),(279,3,6,1),(28,1,5,7),(28,2,7,6),(28,3,3,6),(28,4,6,3),(28,5,6,4),(280,1,6,4),(280,2,6,2),(280,3,6,4),(281,1,7,6),(281,2,6,2),(281,3,6,0),(282,1,4,6),(282,2,3,6),(282,3,6,2),(282,4,6,4),(282,5,6,2),(283,1,6,1),(283,2,6,1),(283,3,6,4),(284,1,6,1),(284,2,6,2),(284,3,1,6),(284,4,7,6),(285,1,6,2),(285,2,6,1),(285,3,6,4),(286,1,6,2),(286,2,6,3),(286,3,6,0),(287,1,6,7),(287,2,7,6),(287,3,6,2),(287,4,6,2),(288,1,6,3),(288,2,6,4),(288,3,6,0),(289,1,6,4),(289,2,6,7),(289,3,4,6),(289,4,6,3),(289,5,6,4),(29,1,6,4),(29,2,6,2),(29,3,6,2),(290,1,6,4),(290,2,6,2),(290,3,6,4),(291,1,7,6),(291,2,5,7),(291,3,6,4),(291,4,7,6),(292,1,6,2),(292,2,6,2),(292,3,2,6),(292,4,6,3),(293,1,6,4),(293,2,6,2),(293,3,6,4),(294,1,7,6),(294,2,2,6),(294,3,3,6),(294,4,7,6),(294,5,6,3),(295,1,4,6),(295,2,7,6),(295,3,6,3),(295,4,6,3),(296,1,6,2),(296,2,6,2),(297,1,7,6),(297,2,6,0),(297,3,6,3),(298,1,6,7),(298,2,6,3),(298,3,6,0),(298,4,6,1),(299,1,6,1),(299,2,6,3),(299,3,7,5),(3,1,7,6),(3,2,6,2),(3,3,6,0),(30,1,3,6),(30,2,6,7),(30,3,6,4),(30,4,6,1),(30,5,6,0),(300,1,1,6),(300,2,6,3),(300,3,7,5),(300,4,6,2),(301,1,6,1),(301,2,6,3),(301,3,6,2),(302,1,7,6),(302,2,6,4),(302,3,6,4),(303,1,6,2),(303,2,7,5),(303,3,6,1),(304,1,6,3),(304,2,7,6),(304,3,3,6),(304,4,7,6),(305,1,6,0),(305,2,6,4),(305,3,6,2),(306,1,6,3),(306,2,6,3),(306,3,7,6),(307,1,2,6),(307,2,6,1),(307,3,6,3),(307,4,6,4),(308,1,7,6),(308,2,6,2),(308,3,7,5),(309,1,6,3),(309,2,6,1),(309,3,7,6),(31,1,6,7),(31,2,7,6),(31,3,6,3),(31,4,6,3),(310,1,7,5),(310,2,1,6),(310,3,6,1),(310,4,6,2),(311,1,7,5),(311,2,6,4),(311,3,6,4),(312,1,6,3),(312,2,6,3),(312,3,6,3),(313,1,6,4),(313,2,6,3),(313,3,6,0),(314,1,7,5),(314,2,7,6),(314,3,7,6),(315,1,7,5),(315,2,6,4),(315,3,6,2),(316,1,6,2),(316,2,4,6),(316,3,6,3),(316,4,6,4),(317,1,6,2),(317,2,6,1),(318,1,6,2),(318,2,7,5),(319,1,6,2),(319,2,6,2),(32,1,6,7),(32,2,4,6),(32,3,7,6),(32,4,6,0),(32,5,2,1),(320,1,4,6),(320,2,6,3),(320,3,6,3),(321,1,6,1),(321,2,6,2),(322,1,7,6),(322,2,6,3),(323,1,6,3),(323,2,6,7),(323,3,6,3),(324,1,6,0),(324,2,6,3),(325,1,6,0),(325,2,6,3),(326,1,6,1),(326,2,6,4),(327,1,6,3),(327,2,6,4),(328,1,6,3),(328,2,6,1),(329,1,6,3),(329,2,6,0),(33,1,6,4),(33,2,6,4),(33,3,6,2),(330,1,6,4),(330,2,6,4),(331,1,6,1),(331,2,4,6),(331,3,6,2),(332,1,6,3),(332,2,6,7),(332,3,6,3),(333,1,6,4),(333,2,6,3),(334,1,7,5),(334,2,6,4),(335,1,1,6),(335,2,6,4),(335,3,6,1),(336,1,7,5),(336,2,6,3),(337,1,7,5),(337,2,6,3),(338,1,7,6),(338,2,6,4),(339,1,6,3),(339,2,6,4),(34,1,3,6),(34,2,7,5),(34,3,7,5),(34,4,6,7),(34,5,9,7),(340,1,7,6),(340,2,7,6),(341,1,5,7),(341,2,6,4),(341,3,6,2),(342,1,6,7),(342,2,6,2),(342,3,6,4),(343,1,6,3),(343,2,6,2),(344,1,6,4),(344,2,6,0),(345,1,5,7),(345,2,6,3),(345,3,7,6),(346,1,6,4),(346,2,7,6),(347,1,6,4),(347,2,6,0),(348,1,6,4),(348,2,6,3),(349,1,6,0),(349,2,6,3),(35,1,6,2),(35,2,4,1),(350,1,6,4),(350,2,6,7),(350,3,7,6),(351,1,6,3),(351,2,7,6),(352,1,6,3),(352,2,6,0),(353,1,7,5),(353,2,1,6),(353,3,6,4),(354,1,6,4),(354,2,6,4),(355,1,4,6),(355,2,6,1),(355,3,6,4),(356,1,7,6),(356,2,6,4),(357,1,6,1),(357,2,7,6),(358,1,6,1),(358,2,6,1),(359,1,6,3),(359,2,6,2),(36,1,3,6),(36,2,6,4),(36,3,3,6),(36,4,6,4),(36,5,6,0),(360,1,6,3),(360,2,1,6),(360,3,6,3),(361,1,6,1),(361,2,6,2),(362,1,6,1),(362,2,6,3),(363,1,6,4),(363,2,7,5),(364,1,6,1),(364,2,6,2),(365,1,4,6),(365,2,6,3),(365,3,6,4),(366,1,6,2),(366,2,6,4),(367,1,5,7),(367,2,6,3),(367,3,6,2),(368,1,6,3),(368,2,5,7),(368,3,6,4),(369,1,6,3),(369,2,6,4),(37,1,6,1),(37,2,6,7),(37,3,6,7),(37,4,7,6),(37,5,6,3),(370,1,6,4),(370,2,6,3),(371,1,7,6),(371,2,6,4),(372,1,6,4),(372,2,6,3),(373,1,5,7),(373,2,6,4),(373,3,6,4),(374,1,6,4),(374,2,7,5),(375,1,6,4),(375,2,6,4),(376,1,3,6),(376,2,6,1),(376,3,7,6),(377,1,6,1),(377,2,1,6),(377,3,6,4),(378,1,6,3),(378,2,6,4),(379,1,2,6),(379,2,6,3),(379,3,6,4),(38,1,6,2),(38,2,6,4),(38,3,6,1),(380,1,6,3),(380,2,6,2),(380,3,6,4),(381,1,5,7),(381,2,6,3),(381,3,6,7),(381,4,6,4),(381,5,6,3),(382,1,6,2),(382,2,3,0),(383,1,6,7),(383,2,7,6),(383,3,7,6),(383,4,6,4),(384,1,6,3),(384,2,6,4),(384,3,6,4),(385,1,7,6),(385,2,6,3),(385,3,6,4),(386,1,6,7),(386,2,6,3),(386,3,6,2),(386,4,6,3),(387,1,7,5),(387,2,6,1),(387,3,6,2),(388,1,6,3),(388,2,7,6),(388,3,6,2),(389,1,6,3),(389,2,6,4),(389,3,3,6),(389,4,6,1),(39,1,7,5),(39,2,6,1),(39,3,7,6),(390,1,6,4),(390,2,6,1),(391,1,3,6),(391,2,1,6),(391,3,6,4),(391,4,6,4),(391,5,6,3),(392,1,7,6),(392,2,6,4),(392,3,4,6),(392,4,6,7),(392,5,6,4),(393,1,2,6),(393,2,7,6),(393,3,6,3),(393,4,6,3),(394,1,6,4),(394,2,6,7),(394,3,6,3),(394,4,6,4),(395,1,7,6),(395,2,6,3),(395,3,6,3),(396,1,6,4),(396,2,6,0),(396,3,6,1),(397,1,6,2),(397,2,7,6),(397,3,6,3),(398,1,7,6),(398,2,6,3),(398,3,7,6),(399,1,6,4),(399,2,6,0),(399,3,7,6),(4,1,3,0),(40,1,6,1),(40,2,6,2),(40,3,6,2),(400,1,6,2),(400,2,6,3),(400,3,6,0),(401,1,6,3),(401,2,7,6),(401,3,6,2),(402,1,6,7),(402,2,6,3),(402,3,7,5),(402,4,6,7),(402,5,6,4),(403,1,6,3),(403,2,4,6),(403,3,7,5),(403,4,6,3),(404,1,6,7),(404,2,7,5),(404,3,6,3),(404,4,6,4),(405,1,2,6),(405,2,3,6),(405,3,6,4),(405,4,6,4),(405,5,6,1),(406,1,6,1),(406,2,4,1),(407,1,6,3),(407,2,7,5),(407,3,3,6),(407,4,7,6),(408,1,6,3),(408,2,4,6),(408,3,6,4),(408,4,6,4),(409,1,7,6),(409,2,6,1),(409,3,6,1),(41,1,6,2),(41,2,3,6),(41,3,6,1),(41,4,6,4),(410,1,6,1),(410,2,6,7),(410,3,6,2),(410,4,6,1),(411,1,7,6),(411,2,6,3),(411,3,7,6),(412,1,6,3),(412,2,7,6),(412,3,6,1),(413,1,6,4),(413,2,6,1),(413,3,6,2),(414,1,6,1),(414,2,4,6),(414,3,6,1),(414,4,7,6),(415,1,7,5),(415,2,7,6),(415,3,6,3),(416,1,6,1),(416,2,6,2),(416,3,6,4),(417,1,4,6),(417,2,6,3),(417,3,7,5),(417,4,2,6),(417,5,7,5),(418,1,6,2),(418,2,6,2),(418,3,6,4),(419,1,6,0),(419,2,6,1),(419,3,6,2),(42,1,7,6),(42,2,3,6),(42,3,2,6),(42,4,6,4),(42,5,6,4),(420,1,6,2),(420,2,6,4),(420,3,6,2),(421,1,6,4),(421,2,6,4),(421,3,3,6),(421,4,7,5),(422,1,5,7),(422,2,6,1),(422,3,6,2),(422,4,6,3),(423,1,6,2),(423,2,3,6),(423,3,6,1),(423,4,7,5),(424,1,6,4),(424,2,7,5),(424,3,7,5),(425,1,6,0),(425,2,6,4),(425,3,6,2),(426,1,7,6),(426,2,6,7),(426,3,6,4),(426,4,6,2),(427,1,6,2),(427,2,6,1),(427,3,6,3),(428,1,6,4),(428,2,6,1),(428,3,3,6),(428,4,5,7),(428,5,6,4),(429,1,6,0),(429,2,6,3),(429,3,6,1),(43,1,5,7),(43,2,6,4),(43,3,6,3),(43,4,6,4),(430,1,4,6),(430,2,6,3),(430,3,4,6),(430,4,6,4),(430,5,7,5),(431,1,7,5),(431,2,7,6),(431,3,7,6),(432,1,6,2),(432,2,6,1),(432,3,7,6),(433,1,6,7),(433,2,6,3),(433,3,6,1),(433,4,3,6),(433,5,7,6),(434,1,3,6),(434,2,6,3),(434,3,6,2),(434,4,7,5),(435,1,6,1),(435,2,7,6),(435,3,6,1),(436,1,6,3),(436,2,6,2),(436,3,6,3),(437,1,6,7),(437,2,7,6),(437,3,6,4),(437,4,6,2),(438,1,6,4),(438,2,6,7),(438,3,6,3),(438,4,7,5),(439,1,7,5),(439,2,7,6),(439,3,7,6),(44,1,6,3),(44,2,3,6),(44,3,7,5),(44,4,6,4),(440,1,6,4),(440,2,3,6),(440,3,6,3),(440,4,6,4),(441,1,7,5),(441,2,6,1),(441,3,6,3),(442,1,5,7),(442,2,6,2),(442,3,6,4),(442,4,6,2),(443,1,7,5),(443,2,3,6),(443,3,6,4),(443,4,6,1),(444,1,6,1),(444,2,6,4),(444,3,6,4),(445,1,6,3),(445,2,6,3),(445,3,7,6),(446,1,6,7),(446,2,7,5),(446,3,3,6),(446,4,6,3),(446,5,7,6),(447,1,0,0),(448,1,7,5),(448,2,6,3),(448,3,6,3),(449,1,6,0),(449,2,6,4),(449,3,6,3),(45,1,7,6),(45,2,6,3),(45,3,6,0),(450,1,6,4),(450,2,7,6),(450,3,6,7),(450,4,7,6),(451,1,4,6),(451,2,6,1),(451,3,6,2),(452,1,6,2),(452,2,6,2),(452,3,6,2),(453,1,6,4),(453,2,6,2),(453,3,2,1),(454,1,5,7),(454,2,6,3),(454,3,6,1),(454,4,4,6),(454,5,6,1),(455,1,7,5),(455,2,7,5),(455,3,6,3),(456,1,4,6),(456,2,6,3),(456,3,6,2),(456,4,7,5),(457,1,6,4),(457,2,6,7),(457,3,6,4),(457,4,6,3),(458,1,6,1),(458,2,6,3),(458,3,6,3),(459,1,6,4),(459,2,3,6),(459,3,6,2),(459,4,4,6),(459,5,6,4),(46,1,6,0),(46,2,4,6),(46,3,6,2),(46,4,6,3),(460,1,6,4),(460,2,3,6),(460,3,6,4),(460,4,6,7),(460,5,6,4),(461,1,7,6),(461,2,6,2),(461,3,6,1),(462,1,6,4),(462,2,6,4),(462,3,7,5),(463,1,3,6),(463,2,6,4),(463,3,6,3),(463,4,6,3),(464,1,4,6),(464,2,6,4),(464,3,6,4),(464,4,6,2),(465,1,6,4),(465,2,6,0),(465,3,6,7),(465,4,6,4),(466,1,6,3),(466,2,6,1),(466,3,6,4),(467,1,6,7),(467,2,7,6),(467,3,5,7),(467,4,7,5),(467,5,7,6),(468,1,6,2),(468,2,6,3),(468,3,6,1),(469,1,6,3),(469,2,6,3),(469,3,6,3),(47,1,6,2),(47,2,7,5),(47,3,6,2),(470,1,6,3),(470,2,6,1),(470,3,7,5),(471,1,6,3),(471,2,6,4),(471,3,7,6),(472,1,4,6),(472,2,6,3),(472,3,6,3),(472,4,6,2),(473,1,6,4),(473,2,6,4),(473,3,6,2),(474,1,7,6),(474,2,2,6),(474,3,7,5),(474,4,6,4),(475,1,6,2),(475,2,6,3),(475,3,3,2),(476,1,6,7),(476,2,6,2),(476,3,6,4),(476,4,6,2),(477,1,3,6),(477,2,6,3),(477,3,7,6),(477,4,7,5),(478,1,7,6),(478,2,6,1),(478,3,7,6),(479,1,6,3),(479,2,6,2),(479,3,6,0),(48,1,7,6),(48,2,6,2),(48,3,6,4),(480,1,7,5),(480,2,6,0),(480,3,7,5),(481,1,6,3),(481,2,6,3),(481,3,2,6),(481,4,7,5),(482,1,6,2),(482,2,6,4),(482,3,3,6),(482,4,4,6),(482,5,6,3),(483,1,6,4),(483,2,3,6),(483,3,7,6),(483,4,6,1),(484,1,6,1),(484,2,6,3),(484,3,6,2),(485,1,4,6),(485,2,7,5),(485,3,7,6),(485,4,4,6),(485,5,6,4),(486,1,7,6),(486,2,6,2),(486,3,6,4),(487,1,6,1),(487,2,6,3),(487,3,6,4),(488,1,5,7),(488,2,6,4),(488,3,4,6),(488,4,6,4),(488,5,6,3),(489,1,6,4),(489,2,6,7),(489,3,2,6),(489,4,6,3),(489,5,6,3),(49,1,6,4),(49,2,5,7),(49,3,6,7),(49,4,6,1),(49,5,6,4),(490,1,6,3),(490,2,3,6),(490,3,4,6),(490,4,7,6),(490,5,7,5),(491,1,7,6),(491,2,6,2),(491,3,6,1),(492,1,3,6),(492,2,6,4),(492,3,6,1),(492,4,6,4),(493,1,7,6),(493,2,2,0),(494,1,6,1),(494,2,6,3),(494,3,6,4),(495,1,4,6),(495,2,6,4),(495,3,3,6),(495,4,6,0),(495,5,7,6),(496,1,7,5),(496,2,6,2),(496,3,6,7),(496,4,6,4),(497,1,7,5),(497,2,7,6),(497,3,6,7),(497,4,6,1),(498,1,4,6),(498,2,6,2),(498,3,7,6),(498,4,1,6),(498,5,6,4),(499,1,6,7),(499,2,6,4),(499,3,7,6),(499,4,6,2),(5,1,6,3),(5,2,6,3),(5,3,6,2),(50,1,6,4),(50,2,7,6),(50,3,3,6),(50,4,6,4),(500,1,7,6),(500,2,7,6),(500,3,6,2),(501,1,6,3),(501,2,6,3),(501,3,6,4),(502,1,6,4),(502,2,7,6),(502,3,6,1),(503,1,6,2),(503,2,6,3),(503,3,7,5),(504,1,7,5),(504,2,6,1),(504,3,7,5),(505,1,6,4),(505,2,6,4),(505,3,6,3),(506,1,7,6),(506,2,7,6),(506,3,6,4),(507,1,6,4),(507,2,6,3),(508,1,7,6),(508,2,3,6),(508,3,5,2),(509,1,6,3),(509,2,6,4),(51,1,4,6),(51,2,6,2),(51,3,4,6),(51,4,7,5),(51,5,6,3),(510,1,6,4),(510,2,6,4),(511,1,6,2),(511,2,6,2),(512,1,6,4),(512,2,4,6),(512,3,6,4),(513,1,7,5),(513,2,6,4),(514,1,4,6),(514,2,6,2),(514,3,6,3),(515,1,6,7),(515,2,6,3),(515,3,6,4),(516,1,6,2),(516,2,7,5),(517,1,6,2),(517,2,1,6),(517,3,6,3),(518,1,6,1),(518,2,7,5),(519,1,7,6),(519,2,6,3),(52,1,3,6),(52,2,2,6),(52,3,6,3),(52,4,6,3),(52,5,6,3),(520,1,6,1),(520,2,6,2),(521,1,6,3),(521,2,6,3),(522,1,6,3),(522,2,7,5),(523,1,6,4),(523,2,6,2),(524,1,3,6),(524,2,7,5),(524,3,7,6),(525,1,3,6),(525,2,6,4),(525,3,6,2),(526,1,7,6),(526,2,6,3),(527,1,4,6),(527,2,6,1),(527,3,6,4),(528,1,7,6),(528,2,6,2),(529,1,7,6),(529,2,6,3),(53,1,6,3),(53,2,6,3),(53,3,7,6),(530,1,6,4),(530,2,6,2),(531,1,6,3),(531,2,6,3),(532,1,6,1),(532,2,6,4),(533,1,6,1),(533,2,6,4),(534,1,1,6),(534,2,6,4),(534,3,6,3),(535,1,4,6),(535,2,7,5),(535,3,6,3),(536,1,6,3),(536,2,7,6),(537,1,6,3),(537,2,6,3),(538,1,6,1),(538,2,6,2),(539,1,6,3),(539,2,6,2),(54,1,6,3),(54,2,6,3),(54,3,6,1),(540,1,7,5),(540,2,6,3),(541,1,0,0),(542,1,6,3),(542,2,6,2),(543,1,6,4),(543,2,6,2),(544,1,6,4),(544,2,6,3),(545,1,0,0),(546,1,3,6),(546,2,6,3),(546,3,6,4),(547,1,6,7),(547,2,7,5),(547,3,6,2),(548,1,6,4),(548,2,7,5),(549,1,7,6),(549,2,7,6),(55,1,6,7),(55,2,7,6),(55,3,6,3),(55,4,6,2),(550,1,6,3),(550,2,6,0),(551,1,7,6),(551,2,6,4),(552,1,6,4),(552,2,7,6),(553,1,7,5),(553,2,6,3),(554,1,6,7),(554,2,6,4),(554,3,6,1),(555,1,6,1),(555,2,6,4),(556,1,7,5),(556,2,7,6),(557,1,6,4),(557,2,1,6),(557,3,6,2),(558,1,6,3),(558,2,6,1),(559,1,7,6),(559,2,7,6),(56,1,6,0),(56,2,6,0),(56,3,6,1),(560,1,6,3),(560,2,6,4),(561,1,6,4),(561,2,7,5),(562,1,6,3),(562,2,7,6),(563,1,7,5),(563,2,6,4),(564,1,6,3),(564,2,6,4),(565,1,7,5),(565,2,6,3),(566,1,6,4),(566,2,6,4),(567,1,7,6),(567,2,1,6),(567,3,6,3),(568,1,6,4),(568,2,6,2),(569,1,7,5),(569,2,6,4),(57,1,6,7),(57,2,4,6),(57,3,6,6),(570,1,6,3),(570,2,6,2),(570,3,6,4),(571,1,3,6),(571,2,6,3),(571,3,6,4),(571,4,6,4),(572,1,6,3),(572,2,6,4),(572,3,7,6),(573,1,7,6),(573,2,6,4),(573,3,7,5),(574,1,7,6),(574,2,6,4),(574,3,6,7),(574,4,6,3),(575,1,6,3),(575,2,6,3),(575,3,6,2),(576,1,4,6),(576,2,7,6),(576,3,3,6),(576,4,6,3),(576,5,6,4),(577,1,6,3),(577,2,6,4),(577,3,6,2),(578,1,6,3),(578,2,6,4),(578,3,6,4),(579,1,6,4),(579,2,6,4),(579,3,6,1),(58,1,7,6),(58,2,6,4),(58,3,6,4),(580,1,6,2),(580,2,6,7),(580,3,4,3),(581,1,6,7),(581,2,4,6),(581,3,6,3),(581,4,6,2),(581,5,7,5),(582,1,7,6),(582,2,6,4),(582,3,6,4),(583,1,4,6),(583,2,3,6),(583,3,6,3),(583,4,6,4),(583,5,6,3),(584,1,7,6),(584,2,6,1),(584,3,6,4),(585,1,3,6),(585,2,7,6),(585,3,6,2),(585,4,6,2),(586,1,6,1),(586,2,7,5),(586,3,7,6),(587,1,6,4),(587,2,7,5),(587,3,6,3),(588,1,6,4),(588,2,6,4),(588,3,6,3),(589,1,7,6),(589,2,6,1),(589,3,6,2),(59,1,5,7),(59,2,6,2),(59,3,7,6),(59,4,6,4),(590,1,6,3),(590,2,6,3),(590,3,6,1),(591,1,7,6),(591,2,6,2),(591,3,6,2),(592,1,0,6),(592,2,6,4),(592,3,6,4),(592,4,6,4),(593,1,6,4),(593,2,6,4),(593,3,4,6),(593,4,7,6),(594,1,6,3),(594,2,6,4),(594,3,6,4),(595,1,6,3),(595,2,3,6),(595,3,7,6),(595,4,6,4),(596,1,7,6),(596,2,6,2),(596,3,6,3),(597,1,3,6),(597,2,4,6),(597,3,6,4),(597,4,10,8),(598,1,6,3),(598,2,1,6),(598,3,5,7),(598,4,6,2),(598,5,13,11),(599,1,6,1),(599,2,6,4),(599,3,6,4),(6,1,7,6),(6,2,4,6),(6,3,6,3),(6,4,7,6),(60,1,6,1),(60,2,2,6),(60,3,6,4),(60,4,6,2),(600,1,7,6),(600,2,7,5),(600,3,6,4),(601,1,2,6),(601,2,6,2),(601,3,4,6),(601,4,6,3),(601,5,6,4),(602,1,7,6),(602,2,6,4),(602,3,7,6),(603,1,7,6),(603,2,6,4),(603,3,6,4),(604,1,6,4),(604,2,7,6),(604,3,6,2),(605,1,6,4),(605,2,6,3),(605,3,7,6),(606,1,6,3),(606,2,6,4),(606,3,6,2),(607,1,6,2),(607,2,6,4),(607,3,6,2),(608,1,6,7),(608,2,6,4),(608,3,7,5),(608,4,6,4),(609,1,3,6),(609,2,6,4),(609,3,6,3),(609,4,6,2),(61,1,4,6),(61,2,6,7),(61,3,6,2),(61,4,6,1),(61,5,6,2),(610,1,7,5),(610,2,6,3),(610,3,7,5),(611,1,4,6),(611,2,7,6),(611,3,6,4),(611,4,6,4),(612,1,6,3),(612,2,6,4),(612,3,2,1),(613,1,7,6),(613,2,6,3),(613,3,6,1),(614,1,6,3),(614,2,7,6),(614,3,6,1),(615,1,4,6),(615,2,7,6),(615,3,7,6),(615,4,3,6),(615,5,6,4),(616,1,6,3),(616,2,6,4),(616,3,5,7),(616,4,6,4),(617,1,6,0),(617,2,6,3),(617,3,6,4),(618,1,7,6),(618,2,6,4),(618,3,6,2),(619,1,6,4),(619,2,6,4),(619,3,6,1),(62,1,5,7),(62,2,6,3),(62,3,6,2),(62,4,6,4),(620,1,6,4),(620,2,6,2),(620,3,6,3),(621,1,6,2),(621,2,7,6),(621,3,7,5),(622,1,6,3),(622,2,6,1),(622,3,6,2),(623,1,6,3),(623,2,6,4),(623,3,6,7),(623,4,6,7),(623,5,6,2),(624,1,6,7),(624,2,6,7),(624,3,7,6),(624,4,6,4),(624,5,6,4),(625,1,6,2),(625,2,3,6),(625,3,6,3),(625,4,6,7),(625,5,6,3),(626,1,6,4),(626,2,6,2),(626,3,6,4),(627,1,3,6),(627,2,7,5),(627,3,6,4),(627,4,4,6),(627,5,6,3),(628,1,6,4),(628,2,6,2),(628,3,6,2),(629,1,6,3),(629,2,6,2),(629,3,7,5),(63,1,7,6),(63,2,6,3),(63,3,6,2),(630,1,6,3),(630,2,6,2),(630,3,6,2),(631,1,6,2),(631,2,7,6),(631,3,7,5),(632,1,6,2),(632,2,3,6),(632,3,6,4),(632,4,6,3),(633,1,6,3),(633,2,7,6),(633,3,6,3),(634,1,6,2),(634,2,7,5),(634,3,6,1),(635,1,6,4),(635,2,6,2),(635,3,7,6),(636,1,4,6),(636,2,6,4),(636,3,6,4),(636,4,6,4),(637,1,6,3),(637,2,7,6),(637,3,6,4),(638,1,6,4),(638,2,6,3),(638,3,6,3),(639,1,6,4),(639,2,6,4),(639,3,6,7),(639,4,7,6),(64,1,6,2),(64,2,6,3),(64,3,6,2),(640,1,6,3),(640,2,6,2),(640,3,6,7),(640,4,3,6),(640,5,6,2),(641,1,4,6),(641,2,6,3),(641,3,6,4),(641,4,7,6),(642,1,6,3),(642,2,6,4),(642,3,7,6),(643,1,6,3),(643,2,6,2),(643,3,6,4),(644,1,6,4),(644,2,6,3),(644,3,6,3),(645,1,6,4),(645,2,6,3),(645,3,6,4),(646,1,6,4),(646,2,6,3),(646,3,6,4),(647,1,7,6),(647,2,6,4),(647,3,7,5),(648,1,7,6),(648,2,7,6),(648,3,3,6),(648,4,2,6),(648,5,6,1),(649,1,6,4),(649,2,6,2),(649,3,6,3),(65,1,7,5),(65,2,6,4),(65,3,6,4),(650,1,3,6),(650,2,5,7),(650,3,7,6),(650,4,6,4),(650,5,6,2),(651,1,7,5),(651,2,7,6),(651,3,7,6),(652,1,6,2),(652,2,6,3),(652,3,5,7),(652,4,6,3),(653,1,6,0),(653,2,7,6),(653,3,6,7),(653,4,6,2),(654,1,6,2),(654,2,6,2),(654,3,6,1),(655,1,6,7),(655,2,6,1),(655,3,7,6),(655,4,7,6),(656,1,6,4),(656,2,6,3),(656,3,6,4),(657,1,6,3),(657,2,3,6),(657,3,6,3),(657,4,7,6),(658,1,7,6),(658,2,7,6),(658,3,3,6),(658,4,7,6),(659,1,7,6),(659,2,6,4),(659,3,6,7),(659,4,6,3),(66,1,7,6),(66,2,7,5),(66,3,4,6),(66,4,6,1),(660,1,6,0),(660,2,6,3),(660,3,6,7),(660,4,6,4),(661,1,6,3),(661,2,7,6),(661,3,6,3),(662,1,6,4),(662,2,4,6),(662,3,3,6),(662,4,7,5),(662,5,6,4),(663,1,3,6),(663,2,6,3),(663,3,7,6),(663,4,2,6),(663,5,6,3),(664,1,6,3),(664,2,3,6),(664,3,6,3),(664,4,6,2),(665,1,6,2),(665,2,6,4),(665,3,6,1),(666,1,6,1),(666,2,6,4),(666,3,7,6),(667,1,1,6),(667,2,6,4),(667,3,7,6),(667,4,6,4),(668,1,3,6),(668,2,6,3),(668,3,6,3),(668,4,7,6),(669,1,6,3),(669,2,3,6),(669,3,6,3),(669,4,4,6),(669,5,8,6),(67,1,6,2),(67,2,7,5),(67,3,6,1),(670,1,6,3),(670,2,6,4),(670,3,7,6),(671,1,4,6),(671,2,7,5),(671,3,6,2),(671,4,6,3),(672,1,6,3),(672,2,6,4),(672,3,6,2),(673,1,6,3),(673,2,7,6),(673,3,6,3),(674,1,6,3),(674,2,7,5),(674,3,6,3),(675,1,6,2),(675,2,7,5),(675,3,6,0),(676,1,6,4),(676,2,3,6),(676,3,6,3),(676,4,6,4),(677,1,7,6),(677,2,6,7),(677,3,6,2),(677,4,7,6),(678,1,6,4),(678,2,7,6),(678,3,7,6),(679,1,6,2),(679,2,6,1),(679,3,6,4),(68,1,7,6),(68,2,6,2),(68,3,2,6),(68,4,6,0),(680,1,7,5),(680,2,7,6),(680,3,6,3),(681,1,6,4),(681,2,6,4),(681,3,6,7),(681,4,4,6),(681,5,7,5),(682,1,0,0),(683,1,7,5),(683,2,6,3),(683,3,7,6),(684,1,6,2),(684,2,7,5),(684,3,7,6),(685,1,6,4),(685,2,6,3),(685,3,6,4),(686,1,7,6),(686,2,7,6),(686,3,6,3),(687,1,7,6),(687,2,7,6),(687,3,4,6),(687,4,7,6),(688,1,6,4),(688,2,6,0),(688,3,6,7),(688,4,6,0),(689,1,4,6),(689,2,3,6),(689,3,6,1),(689,4,6,2),(689,5,6,2),(69,1,6,1),(69,2,6,2),(69,3,6,4),(690,1,7,6),(690,2,3,6),(690,3,6,1),(690,4,6,3),(691,1,4,6),(691,2,4,6),(691,3,7,6),(691,4,7,6),(691,5,8,6),(692,1,7,6),(692,2,7,6),(692,3,6,7),(692,4,4,6),(692,5,7,5),(693,1,7,6),(693,2,6,4),(693,3,6,2),(694,1,7,5),(694,2,6,3),(694,3,6,4),(695,1,3,6),(695,2,6,1),(695,3,4,1),(696,1,7,6),(696,2,4,6),(696,3,7,6),(696,4,2,6),(696,5,6,2),(697,1,6,1),(697,2,6,3),(697,3,6,3),(698,1,7,6),(698,2,6,4),(698,3,6,2),(699,1,7,6),(699,2,6,4),(699,3,6,4),(7,1,6,1),(7,2,6,1),(7,3,6,0),(70,1,6,3),(70,2,6,4),(70,3,6,3),(700,1,6,4),(700,2,6,7),(700,3,6,2),(700,4,6,4),(701,1,6,4),(701,2,6,4),(701,3,6,2),(702,1,6,3),(702,2,6,7),(702,3,6,4),(702,4,6,3),(703,1,6,3),(703,2,6,3),(703,3,6,3),(704,1,7,6),(704,2,3,6),(704,3,6,2),(704,4,6,3),(705,1,6,2),(705,2,6,7),(705,3,7,6),(705,4,7,6),(706,1,7,6),(706,2,6,3),(706,3,6,2),(707,1,6,7),(707,2,7,6),(707,3,6,4),(707,4,7,5),(708,1,6,4),(708,2,7,6),(708,3,6,2),(709,1,7,6),(709,2,6,4),(709,3,7,5),(71,1,6,1),(71,2,6,3),(71,3,6,3),(710,1,6,3),(710,2,6,3),(710,3,6,0),(711,1,4,6),(711,2,6,4),(711,3,7,5),(711,4,7,5),(712,1,7,6),(712,2,6,3),(712,3,7,5),(713,1,6,1),(713,2,6,3),(713,3,6,3),(714,1,6,7),(714,2,6,3),(714,3,7,6),(714,4,2,6),(714,5,6,3),(715,1,6,4),(715,2,6,3),(715,3,6,2),(716,1,7,6),(716,2,3,6),(716,3,6,4),(716,4,6,4),(717,1,2,6),(717,2,6,2),(717,3,7,6),(717,4,6,4),(718,1,6,0),(718,2,7,6),(718,3,6,3),(719,1,3,6),(719,2,7,6),(719,3,6,4),(719,4,6,2),(72,1,7,5),(72,2,6,4),(72,3,3,6),(72,4,6,4),(720,1,7,6),(720,2,6,3),(720,3,6,1),(721,1,6,4),(721,2,5,7),(721,3,6,4),(721,4,6,4),(722,1,6,2),(722,2,3,6),(722,3,7,6),(722,4,6,4),(723,1,6,3),(723,2,6,7),(723,3,7,5),(723,4,6,4),(724,1,6,2),(724,2,6,1),(724,3,6,3),(725,1,6,4),(725,2,4,1),(726,1,6,4),(726,2,6,4),(726,3,6,4),(727,1,7,6),(727,2,7,6),(727,3,2,6),(727,4,6,3),(728,1,2,6),(728,2,7,6),(728,3,7,5),(728,4,6,3),(729,1,6,0),(729,2,7,6),(729,3,6,1),(73,1,6,7),(73,2,6,1),(73,3,6,4),(73,4,6,4),(730,1,6,3),(730,2,3,6),(730,3,6,4),(730,4,7,5),(731,1,6,4),(731,2,3,6),(731,3,2,6),(731,4,7,6),(731,5,7,5),(732,1,3,6),(732,2,6,4),(732,3,6,3),(732,4,6,4),(733,1,6,1),(733,2,6,4),(733,3,6,2),(734,1,7,6),(734,2,5,7),(734,3,7,6),(734,4,7,6),(735,1,6,7),(735,2,7,5),(735,3,7,6),(735,4,7,6),(736,1,7,6),(736,2,7,6),(736,3,3,6),(736,4,7,6),(737,1,5,7),(737,2,7,6),(737,3,4,6),(737,4,7,6),(737,5,28,26),(738,1,6,2),(738,2,6,4),(738,3,7,5),(739,1,6,4),(739,2,6,1),(739,3,3,6),(739,4,6,3),(74,1,4,6),(74,2,4,6),(74,3,6,4),(74,4,6,1),(74,5,6,4),(740,1,7,6),(740,2,6,4),(740,3,4,6),(740,4,6,0),(741,1,7,6),(741,2,1,6),(741,3,6,4),(741,4,6,4),(742,1,6,3),(742,2,6,4),(742,3,6,7),(742,4,6,7),(742,5,14,12),(743,1,7,6),(743,2,6,7),(743,3,7,6),(743,4,6,7),(743,5,10,8),(744,1,4,6),(744,2,3,6),(744,3,6,4),(744,4,6,4),(744,5,8,6),(745,1,6,2),(745,2,6,2),(745,3,7,6),(746,1,7,6),(746,2,6,3),(746,3,3,6),(746,4,6,2),(747,1,6,1),(747,2,6,2),(747,3,6,4),(748,1,6,2),(748,2,6,4),(748,3,6,2),(749,1,6,4),(749,2,6,7),(749,3,7,6),(749,4,6,7),(749,5,6,4),(75,1,6,2),(75,2,6,7),(75,3,6,2),(75,4,6,2),(750,1,6,3),(750,2,5,7),(750,3,5,7),(750,4,6,4),(750,5,6,4),(751,1,7,5),(751,2,6,3),(751,3,1,0),(752,1,6,3),(752,2,5,7),(752,3,6,2),(752,4,3,6),(752,5,6,2),(753,1,6,3),(753,2,6,2),(753,3,6,4),(754,1,7,6),(754,2,6,7),(754,3,6,4),(754,4,6,3),(755,1,6,4),(755,2,6,3),(755,3,6,4),(756,1,6,3),(756,2,6,2),(756,3,6,2),(757,1,7,6),(757,2,6,4),(757,3,7,6),(758,1,7,6),(758,2,6,3),(758,3,6,3),(759,1,6,7),(759,2,6,3),(759,3,6,4),(759,4,6,4),(76,1,3,6),(76,2,7,5),(76,3,6,2),(76,4,6,2),(760,1,6,2),(760,2,6,1),(761,1,6,4),(761,2,6,4),(762,1,6,4),(762,2,7,5),(763,1,6,4),(763,2,7,5),(764,1,7,6),(764,2,6,1),(765,1,6,3),(765,2,6,3),(766,1,6,3),(766,2,1,6),(766,3,6,4),(767,1,6,1),(767,2,6,3),(768,1,1,6),(768,2,6,4),(768,3,6,1),(769,1,7,6),(769,2,6,0),(77,1,5,7),(77,2,6,4),(77,3,6,4),(77,4,6,3),(770,1,6,3),(770,2,6,2),(771,1,5,7),(771,2,6,3),(771,3,6,2),(772,1,6,4),(772,2,6,2),(773,1,7,6),(773,2,6,3),(774,1,6,2),(774,2,6,4),(775,1,6,3),(775,2,7,6),(776,1,6,4),(776,2,6,2),(777,1,6,2),(777,2,6,3),(778,1,7,5),(778,2,5,7),(778,3,6,3),(779,1,6,4),(779,2,6,1),(78,1,6,3),(78,2,5,7),(78,3,4,6),(78,4,7,6),(78,5,6,0),(780,1,7,6),(780,2,2,6),(780,3,7,5),(781,1,6,0),(781,2,6,1),(782,1,7,5),(782,2,4,6),(782,3,6,3),(783,1,6,4),(783,2,6,4),(784,1,6,4),(784,2,5,7),(784,3,6,2),(785,1,4,6),(785,2,6,4),(785,3,6,3),(786,1,3,6),(786,2,6,3),(786,3,6,2),(787,1,7,6),(787,2,7,6),(788,1,6,4),(788,2,6,0),(789,1,6,0),(789,2,4,6),(789,3,6,1),(79,1,6,3),(79,2,7,6),(79,3,6,4),(790,1,6,4),(790,2,6,2),(791,1,4,6),(791,2,6,3),(791,3,10,8),(792,1,6,1),(792,2,6,4),(793,1,6,1),(793,2,6,2),(794,1,6,1),(794,2,6,1),(795,1,6,3),(795,2,6,2),(796,1,7,6),(796,2,4,6),(796,3,10,5),(797,1,6,4),(797,2,6,2),(798,1,6,3),(798,2,1,6),(798,3,10,7),(799,1,6,2),(799,2,6,3),(8,1,6,4),(8,2,2,6),(8,3,6,3),(8,4,6,2),(80,1,6,4),(80,2,6,4),(80,3,6,4),(800,1,7,5),(800,2,6,3),(801,1,0,0),(802,1,6,1),(802,2,6,3),(803,1,6,3),(803,2,6,7),(803,3,10,4),(804,1,6,3),(804,2,6,2),(805,1,6,7),(805,2,6,3),(805,3,10,2),(806,1,6,4),(806,2,6,4),(807,1,6,1),(807,2,6,3),(808,1,6,4),(808,2,6,3),(809,1,6,4),(809,2,6,3),(81,1,4,6),(81,2,6,1),(81,3,6,3),(81,4,4,6),(81,5,6,4),(810,1,6,0),(810,2,6,1),(811,1,6,1),(811,2,4,6),(811,3,7,5),(812,1,6,1),(812,2,6,2),(813,1,6,3),(813,2,6,1),(814,1,6,4),(814,2,6,2),(815,1,7,6),(815,2,6,3),(816,1,6,3),(816,2,4,6),(816,3,6,3),(817,1,2,6),(817,2,7,5),(817,3,6,3),(818,1,6,2),(818,2,6,2),(819,1,6,1),(819,2,6,4),(82,1,5,7),(82,2,7,5),(82,3,6,2),(82,4,6,2),(820,1,6,2),(820,2,7,6),(821,1,6,4),(821,2,6,1),(822,1,6,2),(822,2,6,4),(823,1,7,5),(823,2,6,3),(824,1,6,3),(824,2,6,3),(825,1,6,2),(825,2,3,6),(825,3,7,5),(826,1,6,2),(826,2,6,3),(827,1,6,2),(827,2,6,3),(828,1,6,4),(828,2,6,0),(829,1,3,6),(829,2,6,3),(829,3,6,4),(83,1,7,6),(83,2,6,1),(83,3,6,3),(830,1,5,7),(830,2,6,2),(830,3,6,2),(831,1,6,4),(831,2,6,4),(832,1,6,4),(832,2,2,6),(832,3,7,5),(833,1,7,6),(833,2,6,1),(834,1,6,2),(834,2,6,4),(835,1,7,6),(835,2,6,1),(836,1,7,6),(836,2,6,2),(837,1,7,6),(837,2,6,4),(838,1,6,3),(838,2,6,2),(839,1,7,6),(839,2,6,7),(839,3,10,7),(84,1,6,3),(84,2,6,2),(84,3,6,4),(840,1,7,6),(840,2,6,4),(841,1,7,5),(841,2,4,6),(841,3,10,7),(842,1,6,3),(842,2,3,6),(842,3,10,5),(843,1,6,3),(843,2,6,4),(844,1,6,4),(844,2,1,6),(844,3,10,2),(845,1,4,6),(845,2,6,3),(845,3,10,5),(846,1,6,7),(846,2,6,2),(846,3,10,4),(847,1,7,6),(847,2,6,3),(848,1,6,1),(848,2,6,3),(849,1,6,7),(849,2,6,2),(849,3,10,4),(85,1,6,2),(85,2,6,3),(85,3,7,6),(850,1,6,4),(850,2,6,2),(851,1,6,2),(851,2,7,6),(852,1,7,6),(852,2,6,4),(853,1,6,4),(853,2,6,3),(854,1,6,1),(854,2,0,0),(855,1,7,5),(855,2,6,4),(856,1,7,6),(856,2,7,5),(857,1,6,3),(857,2,6,3),(858,1,6,4),(858,2,6,2),(859,1,6,4),(859,2,6,4),(86,1,6,2),(86,2,6,4),(86,3,6,4),(860,1,6,3),(860,2,6,2),(861,1,6,3),(861,2,6,2),(862,1,6,4),(862,2,6,7),(862,3,6,3),(863,1,6,3),(863,2,6,7),(863,3,7,6),(864,1,6,1),(864,2,6,4),(865,1,7,6),(865,2,6,2),(866,1,6,3),(866,2,5,7),(866,3,6,4),(867,1,7,5),(867,2,6,4),(868,1,7,6),(868,2,6,3),(869,1,6,2),(869,2,6,2),(87,1,6,4),(87,2,6,0),(87,3,6,3),(870,1,6,3),(870,2,6,2),(871,1,6,3),(871,2,7,5),(872,1,6,2),(872,2,3,0),(873,1,6,2),(873,2,2,6),(873,3,6,4),(874,1,6,7),(874,2,7,5),(874,3,6,3),(875,1,6,0),(875,2,1,6),(875,3,7,5),(876,1,6,4),(876,2,6,2),(877,1,7,6),(877,2,6,1),(878,1,4,6),(878,2,7,5),(878,3,6,4),(879,1,7,6),(879,2,6,4),(88,1,6,4),(88,2,6,1),(88,3,6,2),(880,1,0,0),(881,1,6,3),(881,2,4,6),(881,3,6,3),(882,1,7,6),(882,2,5,7),(882,3,6,2),(883,1,7,5),(883,2,6,2),(884,1,6,3),(884,2,2,6),(884,3,10,8),(885,1,6,3),(885,2,6,4),(886,1,7,6),(886,2,6,3),(887,1,6,4),(887,2,6,1),(888,1,7,5),(888,2,0,6),(888,3,10,7),(889,1,4,6),(889,2,7,5),(889,3,10,8),(89,1,6,4),(89,2,7,5),(89,3,6,1),(890,1,6,3),(890,2,7,5),(891,1,7,5),(891,2,6,2),(892,1,0,0),(893,1,6,4),(893,2,6,4),(894,1,6,3),(894,2,6,4),(895,1,6,4),(895,2,7,6),(896,1,4,6),(896,2,6,3),(896,3,10,3),(897,1,7,6),(897,2,6,2),(898,1,6,4),(898,2,6,4),(899,1,7,6),(899,2,6,4),(9,1,7,6),(9,2,6,7),(9,3,6,4),(9,4,7,6),(90,1,6,4),(90,2,6,4),(90,3,3,6),(90,4,6,4),(900,1,6,2),(900,2,7,6),(901,1,6,4),(901,2,6,4),(902,1,7,6),(902,2,6,3),(903,1,6,2),(903,2,6,7),(903,3,7,5),(904,1,7,6),(904,2,6,3),(905,1,7,6),(905,2,6,3),(906,1,6,2),(906,2,6,4),(907,1,3,6),(907,2,6,2),(907,3,7,6),(908,1,7,6),(908,2,6,3),(909,1,6,4),(909,2,3,6),(909,3,6,1),(91,1,7,6),(91,2,4,6),(91,3,6,7),(91,4,6,4),(91,5,4,0),(910,1,4,6),(910,2,2,1),(911,1,5,7),(911,2,6,4),(911,3,6,4),(912,1,6,2),(912,2,6,1),(913,1,6,2),(913,2,6,1),(914,1,2,6),(914,2,6,3),(914,3,6,4),(915,1,6,1),(915,2,6,4),(916,1,6,7),(916,2,6,2),(916,3,6,4),(917,1,7,6),(917,2,7,6),(918,1,5,7),(918,2,6,1),(918,3,6,2),(919,1,7,6),(919,2,7,6),(92,1,7,6),(92,2,7,5),(92,3,6,4),(920,1,6,3),(920,2,7,5),(921,1,7,5),(921,2,6,1),(922,1,6,4),(922,2,7,6),(923,1,2,6),(923,2,7,6),(923,3,6,4),(924,1,6,2),(924,2,7,6),(925,1,6,4),(925,2,6,0),(926,1,6,2),(926,2,6,3),(927,1,6,4),(927,2,6,3),(928,1,2,6),(928,2,6,3),(928,3,6,4),(929,1,2,6),(929,2,6,4),(929,3,10,5),(93,1,6,3),(93,2,2,6),(93,3,6,4),(93,4,6,4),(930,1,6,4),(930,2,6,2),(931,1,6,2),(931,2,7,5),(932,1,7,5),(932,2,7,6),(933,1,5,7),(933,2,6,3),(933,3,10,7),(934,1,7,6),(934,2,5,7),(934,3,10,6),(935,1,6,1),(935,2,4,6),(935,3,10,5),(936,1,6,3),(936,2,6,4),(937,1,6,1),(937,2,7,5),(938,1,1,6),(938,2,6,4),(938,3,10,5),(939,1,6,2),(939,2,6,4),(94,1,6,4),(94,2,6,3),(94,3,6,2),(940,1,6,7),(940,2,7,6),(940,3,10,3),(941,1,4,6),(941,2,6,3),(941,3,10,8),(942,1,6,3),(942,2,6,4),(943,1,6,1),(943,2,6,4),(95,1,7,5),(95,2,6,3),(95,3,4,6),(95,4,6,2),(96,1,6,3),(96,2,6,3),(96,3,7,6),(97,1,6,3),(97,2,6,4),(97,3,5,7),(97,4,6,1),(98,1,6,0),(98,2,4,6),(98,3,7,5),(98,4,6,3),(99,1,6,4),(99,2,6,7),(99,3,6,2),(99,4,6,1),(0,1,7,5),(0,2,6,0),(0,3,6,4),(1,1,5,7),(1,2,4,6),(1,3,6,0),(1,4,6,1),(1,5,6,2),(10,1,6,3),(10,2,6,0),(10,3,6,2),(100,1,3,0),(101,1,6,7),(101,2,4,6),(101,3,6,0),(101,4,6,4),(101,5,6,3),(102,1,6,3),(102,2,6,2),(102,3,6,1),(103,1,7,6),(103,2,2,6),(103,3,6,4),(103,4,7,6),(104,1,5,7),(104,2,4,6),(104,3,7,6),(104,4,6,4),(104,5,6,1),(105,1,7,6),(105,2,6,3),(105,3,6,3),(106,1,6,2),(106,2,6,1),(106,3,6,1),(107,1,7,6),(107,2,6,2),(107,3,6,2),(108,1,7,6),(108,2,7,5),(108,3,6,2),(109,1,6,2),(109,2,6,2),(109,3,5,7),(109,4,6,4),(11,1,6,4),(11,2,6,4),(11,3,6,2),(110,1,6,3),(110,2,6,2),(110,3,6,4),(111,1,6,2),(111,2,6,2),(111,3,6,2),(112,1,6,2),(112,2,7,5),(112,3,6,3),(113,1,6,4),(113,2,6,2),(113,3,3,6),(113,4,6,4),(114,1,6,1),(114,2,7,6),(114,3,2,6),(114,4,7,5),(115,1,6,3),(115,2,3,6),(115,3,6,1),(115,4,5,7),(115,5,6,4),(116,1,4,6),(116,2,6,3),(116,3,6,2),(116,4,6,3),(117,1,5,7),(117,2,6,4),(117,3,6,1),(117,4,7,6),(118,1,7,5),(118,2,6,4),(118,3,7,6),(119,1,6,7),(119,2,6,4),(119,3,4,6),(119,4,6,3),(119,5,6,1),(12,1,6,7),(12,2,6,4),(12,3,6,1),(12,4,6,3),(120,1,6,4),(120,2,7,6),(120,3,7,5),(121,1,6,2),(121,2,6,2),(121,3,6,2),(122,1,6,3),(122,2,2,6),(122,3,1,6),(122,4,6,1),(122,5,7,5),(123,1,6,2),(123,2,6,4),(123,3,6,3),(124,1,6,4),(124,2,6,0),(124,3,6,2),(125,1,6,1),(125,2,6,3),(125,3,6,1),(126,1,7,6),(126,2,6,4),(126,3,6,4),(127,1,6,1),(127,2,6,1),(128,1,6,2),(128,2,3,6),(128,3,6,4),(129,1,6,3),(129,2,6,4),(13,1,7,5),(13,2,6,2),(13,3,6,4),(130,1,6,4),(130,2,6,4),(131,1,6,7),(131,2,6,3),(131,3,7,6),(132,1,4,6),(132,2,6,4),(132,3,7,6),(133,1,7,5),(133,2,6,7),(133,3,6,2),(134,1,6,4),(134,2,6,2),(135,1,7,6),(135,2,6,4),(136,1,7,5),(136,2,6,3),(137,1,6,4),(137,2,6,4),(138,1,6,4),(138,2,6,0),(139,1,6,4),(139,2,6,4),(14,1,6,4),(14,2,6,4),(14,3,7,6),(140,1,3,6),(140,2,7,6),(140,3,7,5),(141,1,6,4),(141,2,6,4),(142,1,7,5),(142,2,7,5),(143,1,7,6),(143,2,4,6),(143,3,6,3),(144,1,6,1),(144,2,7,6),(145,1,6,4),(145,2,6,2),(146,1,4,6),(146,2,7,6),(146,3,7,5),(147,1,6,4),(147,2,6,7),(147,3,6,2),(148,1,6,4),(148,2,3,6),(148,3,7,6),(149,1,6,3),(149,2,7,5),(15,1,6,4),(15,2,6,4),(15,3,6,0),(150,1,4,6),(150,2,7,5),(150,3,6,2),(151,1,6,2),(151,2,4,6),(151,3,7,5),(152,1,7,6),(152,2,6,7),(152,3,7,5),(153,1,6,1),(153,2,6,7),(153,3,6,4),(154,1,4,6),(154,2,6,4),(154,3,6,2),(155,1,6,4),(155,2,6,4),(156,1,6,1),(156,2,7,6),(157,1,6,3),(157,2,6,3),(158,1,6,0),(158,2,6,1),(159,1,6,1),(159,2,6,2),(16,1,4,6),(16,2,7,6),(16,3,6,4),(16,4,6,4),(160,1,6,3),(160,2,6,4),(161,1,7,6),(161,2,3,6),(161,3,6,3),(162,1,6,2),(162,2,6,4),(163,1,6,4),(163,2,6,4),(164,1,5,7),(164,2,7,6),(164,3,7,6),(165,1,6,4),(165,2,6,2),(166,1,3,6),(166,2,6,3),(166,3,6,2),(167,1,6,4),(167,2,6,2),(168,1,6,3),(168,2,7,5),(169,1,6,3),(169,2,6,2),(17,1,6,0),(17,2,6,7),(17,3,6,3),(17,4,6,4),(170,1,6,1),(170,2,6,7),(170,3,6,3),(171,1,6,1),(171,2,1,6),(171,3,6,1),(172,1,4,6),(172,2,6,3),(172,3,7,6),(173,1,7,6),(173,2,6,0),(174,1,5,7),(174,2,6,3),(174,3,6,1),(175,1,6,3),(175,2,7,6),(176,1,7,6),(176,2,6,2),(177,1,7,5),(177,2,6,2),(178,1,7,6),(178,2,6,3),(179,1,7,5),(179,2,7,6),(18,1,1,6),(18,2,6,7),(18,3,7,6),(18,4,6,2),(18,5,6,3),(180,1,6,3),(180,2,6,4),(181,1,7,6),(181,2,4,6),(181,3,6,3),(182,1,7,6),(182,2,6,4),(183,1,7,5),(183,2,7,5),(184,1,6,3),(184,2,6,3),(185,1,7,6),(185,2,6,2),(186,1,6,3),(186,2,6,2),(187,1,2,6),(187,2,6,3),(187,3,7,5),(188,1,2,6),(188,2,7,5),(188,3,7,6),(189,1,7,5),(189,2,7,5),(19,1,7,5),(19,2,4,6),(19,3,6,3),(19,4,6,4),(190,1,6,4),(190,2,6,2),(190,3,6,4),(191,1,6,2),(191,2,6,2),(191,3,6,1),(192,1,4,6),(192,2,6,1),(192,3,6,4),(192,4,7,6),(193,1,6,7),(193,2,7,5),(193,3,6,2),(193,4,6,3),(194,1,6,7),(194,2,6,3),(194,3,6,4),(194,4,6,4),(195,1,6,7),(195,2,7,6),(195,3,6,4),(195,4,1,2),(196,1,6,1),(196,2,6,4),(196,3,2,1),(197,1,1,0),(198,1,6,3),(198,2,6,4),(198,3,6,2),(199,1,6,7),(199,2,6,4),(199,3,6,4),(199,4,6,1),(2,1,6,3),(2,2,6,4),(2,3,6,3),(20,1,6,2),(20,2,6,4),(20,3,6,0),(200,1,7,6),(200,2,6,4),(200,3,4,6),(200,4,6,3),(201,1,6,1),(201,2,6,3),(201,3,6,1),(202,1,6,3),(202,2,7,5),(202,3,6,3),(203,1,6,3),(203,2,6,3),(203,3,6,7),(203,4,7,6),(204,1,0,6),(204,2,5,7),(204,3,6,2),(204,4,7,5),(204,5,6,4),(205,1,6,1),(205,2,7,5),(205,3,7,6),(206,1,6,3),(206,2,6,1),(206,3,6,1),(207,1,6,3),(207,2,3,6),(207,3,6,2),(207,4,5,4),(208,1,6,4),(208,2,6,3),(208,3,6,3),(209,1,6,4),(209,2,6,4),(209,3,6,4),(21,1,6,3),(21,2,6,1),(21,3,6,7),(21,4,6,7),(21,5,16,14),(210,1,6,7),(210,2,6,0),(210,3,6,3),(210,4,6,3),(211,1,4,6),(211,2,6,4),(211,3,6,2),(211,4,3,6),(211,5,6,1),(212,1,7,6),(212,2,6,4),(212,3,6,4),(213,1,6,2),(213,2,6,1),(213,3,3,6),(213,4,6,3),(214,1,6,3),(214,2,6,2),(214,3,6,2),(215,1,6,2),(215,2,6,4),(215,3,6,3),(216,1,6,1),(216,2,6,4),(216,3,6,4),(217,1,6,3),(217,2,6,1),(217,3,6,4),(218,1,6,4),(218,2,7,5),(218,3,6,4),(219,1,3,6),(219,2,2,6),(219,3,6,1),(219,4,6,2),(219,5,6,4),(22,1,6,4),(22,2,3,6),(22,3,1,6),(22,4,6,4),(22,5,6,2),(220,1,6,1),(220,2,4,1),(221,1,6,2),(221,2,6,2),(221,3,6,4),(222,1,6,3),(222,2,7,6),(222,3,6,4),(223,1,7,6),(223,2,2,6),(223,3,6,0),(223,4,6,7),(223,5,6,3),(224,1,6,1),(224,2,3,6),(224,3,6,2),(224,4,6,4),(225,1,6,4),(225,2,6,7),(225,3,7,6),(225,4,7,5),(226,1,6,3),(226,2,6,4),(226,3,3,6),(226,4,6,3),(227,1,4,6),(227,2,6,2),(227,3,6,2),(227,4,6,0),(228,1,6,4),(228,2,1,6),(228,3,5,7),(228,4,6,4),(228,5,6,2),(229,1,6,1),(229,2,6,1),(229,3,6,2),(23,1,7,5),(23,2,6,4),(23,3,6,3),(230,1,6,3),(230,2,6,2),(230,3,6,4),(231,1,6,3),(231,2,6,2),(231,3,7,6),(232,1,7,5),(232,2,7,6),(232,3,7,6),(233,1,6,2),(233,2,5,7),(233,3,6,7),(233,4,6,4),(233,5,6,3),(234,1,6,3),(234,2,6,4),(234,3,6,2),(235,1,2,6),(235,2,6,4),(235,3,6,4),(235,4,6,3),(236,1,6,4),(236,2,7,5),(236,3,3,6),(236,4,6,7),(236,5,6,2),(237,1,3,6),(237,2,6,4),(237,3,6,3),(237,4,6,4),(238,1,4,6),(238,2,6,4),(238,3,7,5),(238,4,7,5),(239,1,6,7),(239,2,5,7),(239,3,6,3),(239,4,6,3),(239,5,6,1),(24,1,6,4),(24,2,6,3),(24,3,6,2),(240,1,7,6),(240,2,6,0),(240,3,6,2),(241,1,6,2),(241,2,3,6),(241,3,7,5),(241,4,4,6),(241,5,17,15),(242,1,6,1),(242,2,3,6),(242,3,6,3),(242,4,2,6),(242,5,6,0),(243,1,6,3),(243,2,6,0),(243,3,6,2),(244,1,6,1),(244,2,3,6),(244,3,6,2),(244,4,6,1),(245,1,7,5),(245,2,6,4),(245,3,6,4),(246,1,6,3),(246,2,6,1),(246,3,6,3),(247,1,3,6),(247,2,6,3),(247,3,3,6),(247,4,6,4),(247,5,6,3),(248,1,6,3),(248,2,6,1),(248,3,6,3),(249,1,6,2),(249,2,6,4),(249,3,7,6),(25,1,1,1),(250,1,7,6),(250,2,4,1),(251,1,6,4),(251,2,6,3),(251,3,6,2),(252,1,7,6),(252,2,6,3),(252,3,5,2),(253,1,7,5),(253,2,6,3),(253,3,6,2),(254,1,6,1),(254,2,6,2),(254,3,7,6),(255,1,6,2),(255,2,6,4),(255,3,6,2),(256,1,6,4),(256,2,7,5),(256,3,6,3),(257,1,6,3),(257,2,6,0),(257,3,6,4),(258,1,6,4),(258,2,7,5),(258,3,6,4),(259,1,6,4),(259,2,6,4),(259,3,7,5),(26,1,6,2),(26,2,7,6),(26,3,6,1),(260,1,7,6),(260,2,7,5),(260,3,6,2),(261,1,6,3),(261,2,6,3),(261,3,6,7),(261,4,6,3),(262,1,7,5),(262,2,6,3),(262,3,6,1),(263,1,2,6),(263,2,6,2),(263,3,6,7),(263,4,6,4),(263,5,6,4),(264,1,3,6),(264,2,6,3),(264,3,6,3),(264,4,6,1),(265,1,7,5),(265,2,6,4),(265,3,6,4),(266,1,7,6),(266,2,6,3),(266,3,6,1),(267,1,6,4),(267,2,6,3),(267,3,6,3),(268,1,6,2),(268,2,6,3),(268,3,6,2),(269,1,3,6),(269,2,6,1),(269,3,0,6),(269,4,6,4),(269,5,6,4),(27,1,6,7),(27,2,7,6),(27,3,6,1),(27,4,6,3),(270,1,6,3),(270,2,3,6),(270,3,6,3),(270,4,6,1),(271,1,7,5),(271,2,6,3),(271,3,3,6),(271,4,2,6),(271,5,6,4),(272,1,6,4),(272,2,6,4),(272,3,6,4),(273,1,6,4),(273,2,6,3),(273,3,7,6),(274,1,7,5),(274,2,6,3),(274,3,6,4),(275,1,1,6),(275,2,6,2),(275,3,7,6),(275,4,3,6),(275,5,6,2),(276,1,3,6),(276,2,6,4),(276,3,6,1),(276,4,7,6),(277,1,6,3),(277,2,3,6),(277,3,6,3),(277,4,7,5),(278,1,3,6),(278,2,3,6),(278,3,6,4),(278,4,7,6),(278,5,6,3),(279,1,7,6),(279,2,6,1),(279,3,6,1),(28,1,5,7),(28,2,7,6),(28,3,3,6),(28,4,6,3),(28,5,6,4),(280,1,6,4),(280,2,6,2),(280,3,6,4),(281,1,7,6),(281,2,6,2),(281,3,6,0),(282,1,4,6),(282,2,3,6),(282,3,6,2),(282,4,6,4),(282,5,6,2),(283,1,6,1),(283,2,6,1),(283,3,6,4),(284,1,6,1),(284,2,6,2),(284,3,1,6),(284,4,7,6),(285,1,6,2),(285,2,6,1),(285,3,6,4),(286,1,6,2),(286,2,6,3),(286,3,6,0),(287,1,6,7),(287,2,7,6),(287,3,6,2),(287,4,6,2),(288,1,6,3),(288,2,6,4),(288,3,6,0),(289,1,6,4),(289,2,6,7),(289,3,4,6),(289,4,6,3),(289,5,6,4),(29,1,6,4),(29,2,6,2),(29,3,6,2),(290,1,6,4),(290,2,6,2),(290,3,6,4),(291,1,7,6),(291,2,5,7),(291,3,6,4),(291,4,7,6),(292,1,6,2),(292,2,6,2),(292,3,2,6),(292,4,6,3),(293,1,6,4),(293,2,6,2),(293,3,6,4),(294,1,7,6),(294,2,2,6),(294,3,3,6),(294,4,7,6),(294,5,6,3),(295,1,4,6),(295,2,7,6),(295,3,6,3),(295,4,6,3),(296,1,6,2),(296,2,6,2),(297,1,7,6),(297,2,6,0),(297,3,6,3),(298,1,6,7),(298,2,6,3),(298,3,6,0),(298,4,6,1),(299,1,6,1),(299,2,6,3),(299,3,7,5),(3,1,7,6),(3,2,6,2),(3,3,6,0),(30,1,3,6),(30,2,6,7),(30,3,6,4),(30,4,6,1),(30,5,6,0),(300,1,1,6),(300,2,6,3),(300,3,7,5),(300,4,6,2),(301,1,6,1),(301,2,6,3),(301,3,6,2),(302,1,7,6),(302,2,6,4),(302,3,6,4),(303,1,6,2),(303,2,7,5),(303,3,6,1),(304,1,6,3),(304,2,7,6),(304,3,3,6),(304,4,7,6),(305,1,6,0),(305,2,6,4),(305,3,6,2),(306,1,6,3),(306,2,6,3),(306,3,7,6),(307,1,2,6),(307,2,6,1),(307,3,6,3),(307,4,6,4),(308,1,7,6),(308,2,6,2),(308,3,7,5),(309,1,6,3),(309,2,6,1),(309,3,7,6),(31,1,6,7),(31,2,7,6),(31,3,6,3),(31,4,6,3),(310,1,7,5),(310,2,1,6),(310,3,6,1),(310,4,6,2),(311,1,7,5),(311,2,6,4),(311,3,6,4),(312,1,6,3),(312,2,6,3),(312,3,6,3),(313,1,6,4),(313,2,6,3),(313,3,6,0),(314,1,7,5),(314,2,7,6),(314,3,7,6),(315,1,7,5),(315,2,6,4),(315,3,6,2),(316,1,6,2),(316,2,4,6),(316,3,6,3),(316,4,6,4),(317,1,6,2),(317,2,6,1),(318,1,6,2),(318,2,7,5),(319,1,6,2),(319,2,6,2),(32,1,6,7),(32,2,4,6),(32,3,7,6),(32,4,6,0),(32,5,2,1),(320,1,4,6),(320,2,6,3),(320,3,6,3),(321,1,6,1),(321,2,6,2),(322,1,7,6),(322,2,6,3),(323,1,6,3),(323,2,6,7),(323,3,6,3),(324,1,6,0),(324,2,6,3),(325,1,6,0),(325,2,6,3),(326,1,6,1),(326,2,6,4),(327,1,6,3),(327,2,6,4),(328,1,6,3),(328,2,6,1),(329,1,6,3),(329,2,6,0),(33,1,6,4),(33,2,6,4),(33,3,6,2),(330,1,6,4),(330,2,6,4),(331,1,6,1),(331,2,4,6),(331,3,6,2),(332,1,6,3),(332,2,6,7),(332,3,6,3),(333,1,6,4),(333,2,6,3),(334,1,7,5),(334,2,6,4),(335,1,1,6),(335,2,6,4),(335,3,6,1),(336,1,7,5),(336,2,6,3),(337,1,7,5),(337,2,6,3),(338,1,7,6),(338,2,6,4),(339,1,6,3),(339,2,6,4),(34,1,3,6),(34,2,7,5),(34,3,7,5),(34,4,6,7),(34,5,9,7),(340,1,7,6),(340,2,7,6),(341,1,5,7),(341,2,6,4),(341,3,6,2),(342,1,6,7),(342,2,6,2),(342,3,6,4),(343,1,6,3),(343,2,6,2),(344,1,6,4),(344,2,6,0),(345,1,5,7),(345,2,6,3),(345,3,7,6),(346,1,6,4),(346,2,7,6),(347,1,6,4),(347,2,6,0),(348,1,6,4),(348,2,6,3),(349,1,6,0),(349,2,6,3),(35,1,6,2),(35,2,4,1),(350,1,6,4),(350,2,6,7),(350,3,7,6),(351,1,6,3),(351,2,7,6),(352,1,6,3),(352,2,6,0),(353,1,7,5),(353,2,1,6),(353,3,6,4),(354,1,6,4),(354,2,6,4),(355,1,4,6),(355,2,6,1),(355,3,6,4),(356,1,7,6),(356,2,6,4),(357,1,6,1),(357,2,7,6),(358,1,6,1),(358,2,6,1),(359,1,6,3),(359,2,6,2),(36,1,3,6),(36,2,6,4),(36,3,3,6),(36,4,6,4),(36,5,6,0),(360,1,6,3),(360,2,1,6),(360,3,6,3),(361,1,6,1),(361,2,6,2),(362,1,6,1),(362,2,6,3),(363,1,6,4),(363,2,7,5),(364,1,6,1),(364,2,6,2),(365,1,4,6),(365,2,6,3),(365,3,6,4),(366,1,6,2),(366,2,6,4),(367,1,5,7),(367,2,6,3),(367,3,6,2),(368,1,6,3),(368,2,5,7),(368,3,6,4),(369,1,6,3),(369,2,6,4),(37,1,6,1),(37,2,6,7),(37,3,6,7),(37,4,7,6),(37,5,6,3),(370,1,6,4),(370,2,6,3),(371,1,7,6),(371,2,6,4),(372,1,6,4),(372,2,6,3),(373,1,5,7),(373,2,6,4),(373,3,6,4),(374,1,6,4),(374,2,7,5),(375,1,6,4),(375,2,6,4),(376,1,3,6),(376,2,6,1),(376,3,7,6),(377,1,6,1),(377,2,1,6),(377,3,6,4),(378,1,6,3),(378,2,6,4),(379,1,2,6),(379,2,6,3),(379,3,6,4),(38,1,6,2),(38,2,6,4),(38,3,6,1),(380,1,6,3),(380,2,6,2),(380,3,6,4),(381,1,5,7),(381,2,6,3),(381,3,6,7),(381,4,6,4),(381,5,6,3),(382,1,6,2),(382,2,3,0),(383,1,6,7),(383,2,7,6),(383,3,7,6),(383,4,6,4),(384,1,6,3),(384,2,6,4),(384,3,6,4),(385,1,7,6),(385,2,6,3),(385,3,6,4),(386,1,6,7),(386,2,6,3),(386,3,6,2),(386,4,6,3),(387,1,7,5),(387,2,6,1),(387,3,6,2),(388,1,6,3),(388,2,7,6),(388,3,6,2),(389,1,6,3),(389,2,6,4),(389,3,3,6),(389,4,6,1),(39,1,7,5),(39,2,6,1),(39,3,7,6),(390,1,6,4),(390,2,6,1),(391,1,3,6),(391,2,1,6),(391,3,6,4),(391,4,6,4),(391,5,6,3),(392,1,7,6),(392,2,6,4),(392,3,4,6),(392,4,6,7),(392,5,6,4),(393,1,2,6),(393,2,7,6),(393,3,6,3),(393,4,6,3),(394,1,6,4),(394,2,6,7),(394,3,6,3),(394,4,6,4),(395,1,7,6),(395,2,6,3),(395,3,6,3),(396,1,6,4),(396,2,6,0),(396,3,6,1),(397,1,6,2),(397,2,7,6),(397,3,6,3),(398,1,7,6),(398,2,6,3),(398,3,7,6),(399,1,6,4),(399,2,6,0),(399,3,7,6),(4,1,3,0),(40,1,6,1),(40,2,6,2),(40,3,6,2),(400,1,6,2),(400,2,6,3),(400,3,6,0),(401,1,6,3),(401,2,7,6),(401,3,6,2),(402,1,6,7),(402,2,6,3),(402,3,7,5),(402,4,6,7),(402,5,6,4),(403,1,6,3),(403,2,4,6),(403,3,7,5),(403,4,6,3),(404,1,6,7),(404,2,7,5),(404,3,6,3),(404,4,6,4),(405,1,2,6),(405,2,3,6),(405,3,6,4),(405,4,6,4),(405,5,6,1),(406,1,6,1),(406,2,4,1),(407,1,6,3),(407,2,7,5),(407,3,3,6),(407,4,7,6),(408,1,6,3),(408,2,4,6),(408,3,6,4),(408,4,6,4),(409,1,7,6),(409,2,6,1),(409,3,6,1),(41,1,6,2),(41,2,3,6),(41,3,6,1),(41,4,6,4),(410,1,6,1),(410,2,6,7),(410,3,6,2),(410,4,6,1),(411,1,7,6),(411,2,6,3),(411,3,7,6),(412,1,6,3),(412,2,7,6),(412,3,6,1),(413,1,6,4),(413,2,6,1),(413,3,6,2),(414,1,6,1),(414,2,4,6),(414,3,6,1),(414,4,7,6),(415,1,7,5),(415,2,7,6),(415,3,6,3),(416,1,6,1),(416,2,6,2),(416,3,6,4),(417,1,4,6),(417,2,6,3),(417,3,7,5),(417,4,2,6),(417,5,7,5),(418,1,6,2),(418,2,6,2),(418,3,6,4),(419,1,6,0),(419,2,6,1),(419,3,6,2),(42,1,7,6),(42,2,3,6),(42,3,2,6),(42,4,6,4),(42,5,6,4),(420,1,6,2),(420,2,6,4),(420,3,6,2),(421,1,6,4),(421,2,6,4),(421,3,3,6),(421,4,7,5),(422,1,5,7),(422,2,6,1),(422,3,6,2),(422,4,6,3),(423,1,6,2),(423,2,3,6),(423,3,6,1),(423,4,7,5),(424,1,6,4),(424,2,7,5),(424,3,7,5),(425,1,6,0),(425,2,6,4),(425,3,6,2),(426,1,7,6),(426,2,6,7),(426,3,6,4),(426,4,6,2),(427,1,6,2),(427,2,6,1),(427,3,6,3),(428,1,6,4),(428,2,6,1),(428,3,3,6),(428,4,5,7),(428,5,6,4),(429,1,6,0),(429,2,6,3),(429,3,6,1),(43,1,5,7),(43,2,6,4),(43,3,6,3),(43,4,6,4),(430,1,4,6),(430,2,6,3),(430,3,4,6),(430,4,6,4),(430,5,7,5),(431,1,7,5),(431,2,7,6),(431,3,7,6),(432,1,6,2),(432,2,6,1),(432,3,7,6),(433,1,6,7),(433,2,6,3),(433,3,6,1),(433,4,3,6),(433,5,7,6),(434,1,3,6),(434,2,6,3),(434,3,6,2),(434,4,7,5),(435,1,6,1),(435,2,7,6),(435,3,6,1),(436,1,6,3),(436,2,6,2),(436,3,6,3),(437,1,6,7),(437,2,7,6),(437,3,6,4),(437,4,6,2),(438,1,6,4),(438,2,6,7),(438,3,6,3),(438,4,7,5),(439,1,7,5),(439,2,7,6),(439,3,7,6),(44,1,6,3),(44,2,3,6),(44,3,7,5),(44,4,6,4),(440,1,6,4),(440,2,3,6),(440,3,6,3),(440,4,6,4),(441,1,7,5),(441,2,6,1),(441,3,6,3),(442,1,5,7),(442,2,6,2),(442,3,6,4),(442,4,6,2),(443,1,7,5),(443,2,3,6),(443,3,6,4),(443,4,6,1),(444,1,6,1),(444,2,6,4),(444,3,6,4),(445,1,6,3),(445,2,6,3),(445,3,7,6),(446,1,6,7),(446,2,7,5),(446,3,3,6),(446,4,6,3),(446,5,7,6),(447,1,0,0),(448,1,7,5),(448,2,6,3),(448,3,6,3),(449,1,6,0),(449,2,6,4),(449,3,6,3),(45,1,7,6),(45,2,6,3),(45,3,6,0),(450,1,6,4),(450,2,7,6),(450,3,6,7),(450,4,7,6),(451,1,4,6),(451,2,6,1),(451,3,6,2),(452,1,6,2),(452,2,6,2),(452,3,6,2),(453,1,6,4),(453,2,6,2),(453,3,2,1),(454,1,5,7),(454,2,6,3),(454,3,6,1),(454,4,4,6),(454,5,6,1),(455,1,7,5),(455,2,7,5),(455,3,6,3),(456,1,4,6),(456,2,6,3),(456,3,6,2),(456,4,7,5),(457,1,6,4),(457,2,6,7),(457,3,6,4),(457,4,6,3),(458,1,6,1),(458,2,6,3),(458,3,6,3),(459,1,6,4),(459,2,3,6),(459,3,6,2),(459,4,4,6),(459,5,6,4),(46,1,6,0),(46,2,4,6),(46,3,6,2),(46,4,6,3),(460,1,6,4),(460,2,3,6),(460,3,6,4),(460,4,6,7),(460,5,6,4),(461,1,7,6),(461,2,6,2),(461,3,6,1),(462,1,6,4),(462,2,6,4),(462,3,7,5),(463,1,3,6),(463,2,6,4),(463,3,6,3),(463,4,6,3),(464,1,4,6),(464,2,6,4),(464,3,6,4),(464,4,6,2),(465,1,6,4),(465,2,6,0),(465,3,6,7),(465,4,6,4),(466,1,6,3),(466,2,6,1),(466,3,6,4),(467,1,6,7),(467,2,7,6),(467,3,5,7),(467,4,7,5),(467,5,7,6),(468,1,6,2),(468,2,6,3),(468,3,6,1),(469,1,6,3),(469,2,6,3),(469,3,6,3),(47,1,6,2),(47,2,7,5),(47,3,6,2),(470,1,6,3),(470,2,6,1),(470,3,7,5),(471,1,6,3),(471,2,6,4),(471,3,7,6),(472,1,4,6),(472,2,6,3),(472,3,6,3),(472,4,6,2),(473,1,6,4),(473,2,6,4),(473,3,6,2),(474,1,7,6),(474,2,2,6),(474,3,7,5),(474,4,6,4),(475,1,6,2),(475,2,6,3),(475,3,3,2),(476,1,6,7),(476,2,6,2),(476,3,6,4),(476,4,6,2),(477,1,3,6),(477,2,6,3),(477,3,7,6),(477,4,7,5),(478,1,7,6),(478,2,6,1),(478,3,7,6),(479,1,6,3),(479,2,6,2),(479,3,6,0),(48,1,7,6),(48,2,6,2),(48,3,6,4),(480,1,7,5),(480,2,6,0),(480,3,7,5),(481,1,6,3),(481,2,6,3),(481,3,2,6),(481,4,7,5),(482,1,6,2),(482,2,6,4),(482,3,3,6),(482,4,4,6),(482,5,6,3),(483,1,6,4),(483,2,3,6),(483,3,7,6),(483,4,6,1),(484,1,6,1),(484,2,6,3),(484,3,6,2),(485,1,4,6),(485,2,7,5),(485,3,7,6),(485,4,4,6),(485,5,6,4),(486,1,7,6),(486,2,6,2),(486,3,6,4),(487,1,6,1),(487,2,6,3),(487,3,6,4),(488,1,5,7),(488,2,6,4),(488,3,4,6),(488,4,6,4),(488,5,6,3),(489,1,6,4),(489,2,6,7),(489,3,2,6),(489,4,6,3),(489,5,6,3),(49,1,6,4),(49,2,5,7),(49,3,6,7),(49,4,6,1),(49,5,6,4),(490,1,6,3),(490,2,3,6),(490,3,4,6),(490,4,7,6),(490,5,7,5),(491,1,7,6),(491,2,6,2),(491,3,6,1),(492,1,3,6),(492,2,6,4),(492,3,6,1),(492,4,6,4),(493,1,7,6),(493,2,2,0),(494,1,6,1),(494,2,6,3),(494,3,6,4),(495,1,4,6),(495,2,6,4),(495,3,3,6),(495,4,6,0),(495,5,7,6),(496,1,7,5),(496,2,6,2),(496,3,6,7),(496,4,6,4),(497,1,7,5),(497,2,7,6),(497,3,6,7),(497,4,6,1),(498,1,4,6),(498,2,6,2),(498,3,7,6),(498,4,1,6),(498,5,6,4),(499,1,6,7),(499,2,6,4),(499,3,7,6),(499,4,6,2),(5,1,6,3),(5,2,6,3),(5,3,6,2),(50,1,6,4),(50,2,7,6),(50,3,3,6),(50,4,6,4),(500,1,7,6),(500,2,7,6),(500,3,6,2),(501,1,6,3),(501,2,6,3),(501,3,6,4),(502,1,6,4),(502,2,7,6),(502,3,6,1),(503,1,6,2),(503,2,6,3),(503,3,7,5),(504,1,7,5),(504,2,6,1),(504,3,7,5),(505,1,6,4),(505,2,6,4),(505,3,6,3),(506,1,7,6),(506,2,7,6),(506,3,6,4),(507,1,6,4),(507,2,6,3),(508,1,7,6),(508,2,3,6),(508,3,5,2),(509,1,6,3),(509,2,6,4),(51,1,4,6),(51,2,6,2),(51,3,4,6),(51,4,7,5),(51,5,6,3),(510,1,6,4),(510,2,6,4),(511,1,6,2),(511,2,6,2),(512,1,6,4),(512,2,4,6),(512,3,6,4),(513,1,7,5),(513,2,6,4),(514,1,4,6),(514,2,6,2),(514,3,6,3),(515,1,6,7),(515,2,6,3),(515,3,6,4),(516,1,6,2),(516,2,7,5),(517,1,6,2),(517,2,1,6),(517,3,6,3),(518,1,6,1),(518,2,7,5),(519,1,7,6),(519,2,6,3),(52,1,3,6),(52,2,2,6),(52,3,6,3),(52,4,6,3),(52,5,6,3),(520,1,6,1),(520,2,6,2),(521,1,6,3),(521,2,6,3),(522,1,6,3),(522,2,7,5),(523,1,6,4),(523,2,6,2),(524,1,3,6),(524,2,7,5),(524,3,7,6),(525,1,3,6),(525,2,6,4),(525,3,6,2),(526,1,7,6),(526,2,6,3),(527,1,4,6),(527,2,6,1),(527,3,6,4),(528,1,7,6),(528,2,6,2),(529,1,7,6),(529,2,6,3),(53,1,6,3),(53,2,6,3),(53,3,7,6),(530,1,6,4),(530,2,6,2),(531,1,6,3),(531,2,6,3),(532,1,6,1),(532,2,6,4),(533,1,6,1),(533,2,6,4),(534,1,1,6),(534,2,6,4),(534,3,6,3),(535,1,4,6),(535,2,7,5),(535,3,6,3),(536,1,6,3),(536,2,7,6),(537,1,6,3),(537,2,6,3),(538,1,6,1),(538,2,6,2),(539,1,6,3),(539,2,6,2),(54,1,6,3),(54,2,6,3),(54,3,6,1),(540,1,7,5),(540,2,6,3),(541,1,0,0),(542,1,6,3),(542,2,6,2),(543,1,6,4),(543,2,6,2),(544,1,6,4),(544,2,6,3),(545,1,0,0),(546,1,3,6),(546,2,6,3),(546,3,6,4),(547,1,6,7),(547,2,7,5),(547,3,6,2),(548,1,6,4),(548,2,7,5),(549,1,7,6),(549,2,7,6),(55,1,6,7),(55,2,7,6),(55,3,6,3),(55,4,6,2),(550,1,6,3),(550,2,6,0),(551,1,7,6),(551,2,6,4),(552,1,6,4),(552,2,7,6),(553,1,7,5),(553,2,6,3),(554,1,6,7),(554,2,6,4),(554,3,6,1),(555,1,6,1),(555,2,6,4),(556,1,7,5),(556,2,7,6),(557,1,6,4),(557,2,1,6),(557,3,6,2),(558,1,6,3),(558,2,6,1),(559,1,7,6),(559,2,7,6),(56,1,6,0),(56,2,6,0),(56,3,6,1),(560,1,6,3),(560,2,6,4),(561,1,6,4),(561,2,7,5),(562,1,6,3),(562,2,7,6),(563,1,7,5),(563,2,6,4),(564,1,6,3),(564,2,6,4),(565,1,7,5),(565,2,6,3),(566,1,6,4),(566,2,6,4),(567,1,7,6),(567,2,1,6),(567,3,6,3),(568,1,6,4),(568,2,6,2),(569,1,7,5),(569,2,6,4),(57,1,6,7),(57,2,4,6),(57,3,6,6),(570,1,6,3),(570,2,6,2),(570,3,6,4),(571,1,3,6),(571,2,6,3),(571,3,6,4),(571,4,6,4),(572,1,6,3),(572,2,6,4),(572,3,7,6),(573,1,7,6),(573,2,6,4),(573,3,7,5),(574,1,7,6),(574,2,6,4),(574,3,6,7),(574,4,6,3),(575,1,6,3),(575,2,6,3),(575,3,6,2),(576,1,4,6),(576,2,7,6),(576,3,3,6),(576,4,6,3),(576,5,6,4),(577,1,6,3),(577,2,6,4),(577,3,6,2),(578,1,6,3),(578,2,6,4),(578,3,6,4),(579,1,6,4),(579,2,6,4),(579,3,6,1),(58,1,7,6),(58,2,6,4),(58,3,6,4),(580,1,6,2),(580,2,6,7),(580,3,4,3),(581,1,6,7),(581,2,4,6),(581,3,6,3),(581,4,6,2),(581,5,7,5),(582,1,7,6),(582,2,6,4),(582,3,6,4),(583,1,4,6),(583,2,3,6),(583,3,6,3),(583,4,6,4),(583,5,6,3),(584,1,7,6),(584,2,6,1),(584,3,6,4),(585,1,3,6),(585,2,7,6),(585,3,6,2),(585,4,6,2),(586,1,6,1),(586,2,7,5),(586,3,7,6),(587,1,6,4),(587,2,7,5),(587,3,6,3),(588,1,6,4),(588,2,6,4),(588,3,6,3),(589,1,7,6),(589,2,6,1),(589,3,6,2),(59,1,5,7),(59,2,6,2),(59,3,7,6),(59,4,6,4),(590,1,6,3),(590,2,6,3),(590,3,6,1),(591,1,7,6),(591,2,6,2),(591,3,6,2),(592,1,0,6),(592,2,6,4),(592,3,6,4),(592,4,6,4),(593,1,6,4),(593,2,6,4),(593,3,4,6),(593,4,7,6),(594,1,6,3),(594,2,6,4),(594,3,6,4),(595,1,6,3),(595,2,3,6),(595,3,7,6),(595,4,6,4),(596,1,7,6),(596,2,6,2),(596,3,6,3),(597,1,3,6),(597,2,4,6),(597,3,6,4),(597,4,10,8),(598,1,6,3),(598,2,1,6),(598,3,5,7),(598,4,6,2),(598,5,13,11),(599,1,6,1),(599,2,6,4),(599,3,6,4),(6,1,7,6),(6,2,4,6),(6,3,6,3),(6,4,7,6),(60,1,6,1),(60,2,2,6),(60,3,6,4),(60,4,6,2),(600,1,7,6),(600,2,7,5),(600,3,6,4),(601,1,2,6),(601,2,6,2),(601,3,4,6),(601,4,6,3),(601,5,6,4),(602,1,7,6),(602,2,6,4),(602,3,7,6),(603,1,7,6),(603,2,6,4),(603,3,6,4),(604,1,6,4),(604,2,7,6),(604,3,6,2),(605,1,6,4),(605,2,6,3),(605,3,7,6),(606,1,6,3),(606,2,6,4),(606,3,6,2),(607,1,6,2),(607,2,6,4),(607,3,6,2),(608,1,6,7),(608,2,6,4),(608,3,7,5),(608,4,6,4),(609,1,3,6),(609,2,6,4),(609,3,6,3),(609,4,6,2),(61,1,4,6),(61,2,6,7),(61,3,6,2),(61,4,6,1),(61,5,6,2),(610,1,7,5),(610,2,6,3),(610,3,7,5),(611,1,4,6),(611,2,7,6),(611,3,6,4),(611,4,6,4),(612,1,6,3),(612,2,6,4),(612,3,2,1),(613,1,7,6),(613,2,6,3),(613,3,6,1),(614,1,6,3),(614,2,7,6),(614,3,6,1),(615,1,4,6),(615,2,7,6),(615,3,7,6),(615,4,3,6),(615,5,6,4),(616,1,6,3),(616,2,6,4),(616,3,5,7),(616,4,6,4),(617,1,6,0),(617,2,6,3),(617,3,6,4),(618,1,7,6),(618,2,6,4),(618,3,6,2),(619,1,6,4),(619,2,6,4),(619,3,6,1),(62,1,5,7),(62,2,6,3),(62,3,6,2),(62,4,6,4),(620,1,6,4),(620,2,6,2),(620,3,6,3),(621,1,6,2),(621,2,7,6),(621,3,7,5),(622,1,6,3),(622,2,6,1),(622,3,6,2),(623,1,6,3),(623,2,6,4),(623,3,6,7),(623,4,6,7),(623,5,6,2),(624,1,6,7),(624,2,6,7),(624,3,7,6),(624,4,6,4),(624,5,6,4),(625,1,6,2),(625,2,3,6),(625,3,6,3),(625,4,6,7),(625,5,6,3),(626,1,6,4),(626,2,6,2),(626,3,6,4),(627,1,3,6),(627,2,7,5),(627,3,6,4),(627,4,4,6),(627,5,6,3),(628,1,6,4),(628,2,6,2),(628,3,6,2),(629,1,6,3),(629,2,6,2),(629,3,7,5),(63,1,7,6),(63,2,6,3),(63,3,6,2),(630,1,6,3),(630,2,6,2),(630,3,6,2),(631,1,6,2),(631,2,7,6),(631,3,7,5),(632,1,6,2),(632,2,3,6),(632,3,6,4),(632,4,6,3),(633,1,6,3),(633,2,7,6),(633,3,6,3),(634,1,6,2),(634,2,7,5),(634,3,6,1),(635,1,6,4),(635,2,6,2),(635,3,7,6),(636,1,4,6),(636,2,6,4),(636,3,6,4),(636,4,6,4),(637,1,6,3),(637,2,7,6),(637,3,6,4),(638,1,6,4),(638,2,6,3),(638,3,6,3),(639,1,6,4),(639,2,6,4),(639,3,6,7),(639,4,7,6),(64,1,6,2),(64,2,6,3),(64,3,6,2),(640,1,6,3),(640,2,6,2),(640,3,6,7),(640,4,3,6),(640,5,6,2),(641,1,4,6),(641,2,6,3),(641,3,6,4),(641,4,7,6),(642,1,6,3),(642,2,6,4),(642,3,7,6),(643,1,6,3),(643,2,6,2),(643,3,6,4),(644,1,6,4),(644,2,6,3),(644,3,6,3),(645,1,6,4),(645,2,6,3),(645,3,6,4),(646,1,6,4),(646,2,6,3),(646,3,6,4),(647,1,7,6),(647,2,6,4),(647,3,7,5),(648,1,7,6),(648,2,7,6),(648,3,3,6),(648,4,2,6),(648,5,6,1),(649,1,6,4),(649,2,6,2),(649,3,6,3),(65,1,7,5),(65,2,6,4),(65,3,6,4),(650,1,3,6),(650,2,5,7),(650,3,7,6),(650,4,6,4),(650,5,6,2),(651,1,7,5),(651,2,7,6),(651,3,7,6),(652,1,6,2),(652,2,6,3),(652,3,5,7),(652,4,6,3),(653,1,6,0),(653,2,7,6),(653,3,6,7),(653,4,6,2),(654,1,6,2),(654,2,6,2),(654,3,6,1),(655,1,6,7),(655,2,6,1),(655,3,7,6),(655,4,7,6),(656,1,6,4),(656,2,6,3),(656,3,6,4),(657,1,6,3),(657,2,3,6),(657,3,6,3),(657,4,7,6),(658,1,7,6),(658,2,7,6),(658,3,3,6),(658,4,7,6),(659,1,7,6),(659,2,6,4),(659,3,6,7),(659,4,6,3),(66,1,7,6),(66,2,7,5),(66,3,4,6),(66,4,6,1),(660,1,6,0),(660,2,6,3),(660,3,6,7),(660,4,6,4),(661,1,6,3),(661,2,7,6),(661,3,6,3),(662,1,6,4),(662,2,4,6),(662,3,3,6),(662,4,7,5),(662,5,6,4),(663,1,3,6),(663,2,6,3),(663,3,7,6),(663,4,2,6),(663,5,6,3),(664,1,6,3),(664,2,3,6),(664,3,6,3),(664,4,6,2),(665,1,6,2),(665,2,6,4),(665,3,6,1),(666,1,6,1),(666,2,6,4),(666,3,7,6),(667,1,1,6),(667,2,6,4),(667,3,7,6),(667,4,6,4),(668,1,3,6),(668,2,6,3),(668,3,6,3),(668,4,7,6),(669,1,6,3),(669,2,3,6),(669,3,6,3),(669,4,4,6),(669,5,8,6),(67,1,6,2),(67,2,7,5),(67,3,6,1),(670,1,6,3),(670,2,6,4),(670,3,7,6),(671,1,4,6),(671,2,7,5),(671,3,6,2),(671,4,6,3),(672,1,6,3),(672,2,6,4),(672,3,6,2),(673,1,6,3),(673,2,7,6),(673,3,6,3),(674,1,6,3),(674,2,7,5),(674,3,6,3),(675,1,6,2),(675,2,7,5),(675,3,6,0),(676,1,6,4),(676,2,3,6),(676,3,6,3),(676,4,6,4),(677,1,7,6),(677,2,6,7),(677,3,6,2),(677,4,7,6),(678,1,6,4),(678,2,7,6),(678,3,7,6),(679,1,6,2),(679,2,6,1),(679,3,6,4),(68,1,7,6),(68,2,6,2),(68,3,2,6),(68,4,6,0),(680,1,7,5),(680,2,7,6),(680,3,6,3),(681,1,6,4),(681,2,6,4),(681,3,6,7),(681,4,4,6),(681,5,7,5),(682,1,0,0),(683,1,7,5),(683,2,6,3),(683,3,7,6),(684,1,6,2),(684,2,7,5),(684,3,7,6),(685,1,6,4),(685,2,6,3),(685,3,6,4),(686,1,7,6),(686,2,7,6),(686,3,6,3),(687,1,7,6),(687,2,7,6),(687,3,4,6),(687,4,7,6),(688,1,6,4),(688,2,6,0),(688,3,6,7),(688,4,6,0),(689,1,4,6),(689,2,3,6),(689,3,6,1),(689,4,6,2),(689,5,6,2),(69,1,6,1),(69,2,6,2),(69,3,6,4),(690,1,7,6),(690,2,3,6),(690,3,6,1),(690,4,6,3),(691,1,4,6),(691,2,4,6),(691,3,7,6),(691,4,7,6),(691,5,8,6),(692,1,7,6),(692,2,7,6),(692,3,6,7),(692,4,4,6),(692,5,7,5),(693,1,7,6),(693,2,6,4),(693,3,6,2),(694,1,7,5),(694,2,6,3),(694,3,6,4),(695,1,3,6),(695,2,6,1),(695,3,4,1),(696,1,7,6),(696,2,4,6),(696,3,7,6),(696,4,2,6),(696,5,6,2),(697,1,6,1),(697,2,6,3),(697,3,6,3),(698,1,7,6),(698,2,6,4),(698,3,6,2),(699,1,7,6),(699,2,6,4),(699,3,6,4),(7,1,6,1),(7,2,6,1),(7,3,6,0),(70,1,6,3),(70,2,6,4),(70,3,6,3),(700,1,6,4),(700,2,6,7),(700,3,6,2),(700,4,6,4),(701,1,6,4),(701,2,6,4),(701,3,6,2),(702,1,6,3),(702,2,6,7),(702,3,6,4),(702,4,6,3),(703,1,6,3),(703,2,6,3),(703,3,6,3),(704,1,7,6),(704,2,3,6),(704,3,6,2),(704,4,6,3),(705,1,6,2),(705,2,6,7),(705,3,7,6),(705,4,7,6),(706,1,7,6),(706,2,6,3),(706,3,6,2),(707,1,6,7),(707,2,7,6),(707,3,6,4),(707,4,7,5),(708,1,6,4),(708,2,7,6),(708,3,6,2),(709,1,7,6),(709,2,6,4),(709,3,7,5),(71,1,6,1),(71,2,6,3),(71,3,6,3),(710,1,6,3),(710,2,6,3),(710,3,6,0),(711,1,4,6),(711,2,6,4),(711,3,7,5),(711,4,7,5),(712,1,7,6),(712,2,6,3),(712,3,7,5),(713,1,6,1),(713,2,6,3),(713,3,6,3),(714,1,6,7),(714,2,6,3),(714,3,7,6),(714,4,2,6),(714,5,6,3),(715,1,6,4),(715,2,6,3),(715,3,6,2),(716,1,7,6),(716,2,3,6),(716,3,6,4),(716,4,6,4),(717,1,2,6),(717,2,6,2),(717,3,7,6),(717,4,6,4),(718,1,6,0),(718,2,7,6),(718,3,6,3),(719,1,3,6),(719,2,7,6),(719,3,6,4),(719,4,6,2),(72,1,7,5),(72,2,6,4),(72,3,3,6),(72,4,6,4),(720,1,7,6),(720,2,6,3),(720,3,6,1),(721,1,6,4),(721,2,5,7),(721,3,6,4),(721,4,6,4),(722,1,6,2),(722,2,3,6),(722,3,7,6),(722,4,6,4),(723,1,6,3),(723,2,6,7),(723,3,7,5),(723,4,6,4),(724,1,6,2),(724,2,6,1),(724,3,6,3),(725,1,6,4),(725,2,4,1),(726,1,6,4),(726,2,6,4),(726,3,6,4),(727,1,7,6),(727,2,7,6),(727,3,2,6),(727,4,6,3),(728,1,2,6),(728,2,7,6),(728,3,7,5),(728,4,6,3),(729,1,6,0),(729,2,7,6),(729,3,6,1),(73,1,6,7),(73,2,6,1),(73,3,6,4),(73,4,6,4),(730,1,6,3),(730,2,3,6),(730,3,6,4),(730,4,7,5),(731,1,6,4),(731,2,3,6),(731,3,2,6),(731,4,7,6),(731,5,7,5),(732,1,3,6),(732,2,6,4),(732,3,6,3),(732,4,6,4),(733,1,6,1),(733,2,6,4),(733,3,6,2),(734,1,7,6),(734,2,5,7),(734,3,7,6),(734,4,7,6),(735,1,6,7),(735,2,7,5),(735,3,7,6),(735,4,7,6),(736,1,7,6),(736,2,7,6),(736,3,3,6),(736,4,7,6),(737,1,5,7),(737,2,7,6),(737,3,4,6),(737,4,7,6),(737,5,28,26),(738,1,6,2),(738,2,6,4),(738,3,7,5),(739,1,6,4),(739,2,6,1),(739,3,3,6),(739,4,6,3),(74,1,4,6),(74,2,4,6),(74,3,6,4),(74,4,6,1),(74,5,6,4),(740,1,7,6),(740,2,6,4),(740,3,4,6),(740,4,6,0),(741,1,7,6),(741,2,1,6),(741,3,6,4),(741,4,6,4),(742,1,6,3),(742,2,6,4),(742,3,6,7),(742,4,6,7),(742,5,14,12),(743,1,7,6),(743,2,6,7),(743,3,7,6),(743,4,6,7),(743,5,10,8),(744,1,4,6),(744,2,3,6),(744,3,6,4),(744,4,6,4),(744,5,8,6),(745,1,6,2),(745,2,6,2),(745,3,7,6),(746,1,7,6),(746,2,6,3),(746,3,3,6),(746,4,6,2),(747,1,6,1),(747,2,6,2),(747,3,6,4),(748,1,6,2),(748,2,6,4),(748,3,6,2),(749,1,6,4),(749,2,6,7),(749,3,7,6),(749,4,6,7),(749,5,6,4),(75,1,6,2),(75,2,6,7),(75,3,6,2),(75,4,6,2),(750,1,6,3),(750,2,5,7),(750,3,5,7),(750,4,6,4),(750,5,6,4),(751,1,7,5),(751,2,6,3),(751,3,1,0),(752,1,6,3),(752,2,5,7),(752,3,6,2),(752,4,3,6),(752,5,6,2),(753,1,6,3),(753,2,6,2),(753,3,6,4),(754,1,7,6),(754,2,6,7),(754,3,6,4),(754,4,6,3),(755,1,6,4),(755,2,6,3),(755,3,6,4),(756,1,6,3),(756,2,6,2),(756,3,6,2),(757,1,7,6),(757,2,6,4),(757,3,7,6),(758,1,7,6),(758,2,6,3),(758,3,6,3),(759,1,6,7),(759,2,6,3),(759,3,6,4),(759,4,6,4),(76,1,3,6),(76,2,7,5),(76,3,6,2),(76,4,6,2),(760,1,6,2),(760,2,6,1),(761,1,6,4),(761,2,6,4),(762,1,6,4),(762,2,7,5),(763,1,6,4),(763,2,7,5),(764,1,7,6),(764,2,6,1),(765,1,6,3),(765,2,6,3),(766,1,6,3),(766,2,1,6),(766,3,6,4),(767,1,6,1),(767,2,6,3),(768,1,1,6),(768,2,6,4),(768,3,6,1),(769,1,7,6),(769,2,6,0),(77,1,5,7),(77,2,6,4),(77,3,6,4),(77,4,6,3),(770,1,6,3),(770,2,6,2),(771,1,5,7),(771,2,6,3),(771,3,6,2),(772,1,6,4),(772,2,6,2),(773,1,7,6),(773,2,6,3),(774,1,6,2),(774,2,6,4),(775,1,6,3),(775,2,7,6),(776,1,6,4),(776,2,6,2),(777,1,6,2),(777,2,6,3),(778,1,7,5),(778,2,5,7),(778,3,6,3),(779,1,6,4),(779,2,6,1),(78,1,6,3),(78,2,5,7),(78,3,4,6),(78,4,7,6),(78,5,6,0),(780,1,7,6),(780,2,2,6),(780,3,7,5),(781,1,6,0),(781,2,6,1),(782,1,7,5),(782,2,4,6),(782,3,6,3),(783,1,6,4),(783,2,6,4),(784,1,6,4),(784,2,5,7),(784,3,6,2),(785,1,4,6),(785,2,6,4),(785,3,6,3),(786,1,3,6),(786,2,6,3),(786,3,6,2),(787,1,7,6),(787,2,7,6),(788,1,6,4),(788,2,6,0),(789,1,6,0),(789,2,4,6),(789,3,6,1),(79,1,6,3),(79,2,7,6),(79,3,6,4),(790,1,6,4),(790,2,6,2),(791,1,4,6),(791,2,6,3),(791,3,10,8),(792,1,6,1),(792,2,6,4),(793,1,6,1),(793,2,6,2),(794,1,6,1),(794,2,6,1),(795,1,6,3),(795,2,6,2),(796,1,7,6),(796,2,4,6),(796,3,10,5),(797,1,6,4),(797,2,6,2),(798,1,6,3),(798,2,1,6),(798,3,10,7),(799,1,6,2),(799,2,6,3),(8,1,6,4),(8,2,2,6),(8,3,6,3),(8,4,6,2),(80,1,6,4),(80,2,6,4),(80,3,6,4),(800,1,7,5),(800,2,6,3),(801,1,0,0),(802,1,6,1),(802,2,6,3),(803,1,6,3),(803,2,6,7),(803,3,10,4),(804,1,6,3),(804,2,6,2),(805,1,6,7),(805,2,6,3),(805,3,10,2),(806,1,6,4),(806,2,6,4),(807,1,6,1),(807,2,6,3),(808,1,6,4),(808,2,6,3),(809,1,6,4),(809,2,6,3),(81,1,4,6),(81,2,6,1),(81,3,6,3),(81,4,4,6),(81,5,6,4),(810,1,6,0),(810,2,6,1),(811,1,6,1),(811,2,4,6),(811,3,7,5),(812,1,6,1),(812,2,6,2),(813,1,6,3),(813,2,6,1),(814,1,6,4),(814,2,6,2),(815,1,7,6),(815,2,6,3),(816,1,6,3),(816,2,4,6),(816,3,6,3),(817,1,2,6),(817,2,7,5),(817,3,6,3),(818,1,6,2),(818,2,6,2),(819,1,6,1),(819,2,6,4),(82,1,5,7),(82,2,7,5),(82,3,6,2),(82,4,6,2),(820,1,6,2),(820,2,7,6),(821,1,6,4),(821,2,6,1),(822,1,6,2),(822,2,6,4),(823,1,7,5),(823,2,6,3),(824,1,6,3),(824,2,6,3),(825,1,6,2),(825,2,3,6),(825,3,7,5),(826,1,6,2),(826,2,6,3),(827,1,6,2),(827,2,6,3),(828,1,6,4),(828,2,6,0),(829,1,3,6),(829,2,6,3),(829,3,6,4),(83,1,7,6),(83,2,6,1),(83,3,6,3),(830,1,5,7),(830,2,6,2),(830,3,6,2),(831,1,6,4),(831,2,6,4),(832,1,6,4),(832,2,2,6),(832,3,7,5),(833,1,7,6),(833,2,6,1),(834,1,6,2),(834,2,6,4),(835,1,7,6),(835,2,6,1),(836,1,7,6),(836,2,6,2),(837,1,7,6),(837,2,6,4),(838,1,6,3),(838,2,6,2),(839,1,7,6),(839,2,6,7),(839,3,10,7),(84,1,6,3),(84,2,6,2),(84,3,6,4),(840,1,7,6),(840,2,6,4),(841,1,7,5),(841,2,4,6),(841,3,10,7),(842,1,6,3),(842,2,3,6),(842,3,10,5),(843,1,6,3),(843,2,6,4),(844,1,6,4),(844,2,1,6),(844,3,10,2),(845,1,4,6),(845,2,6,3),(845,3,10,5),(846,1,6,7),(846,2,6,2),(846,3,10,4),(847,1,7,6),(847,2,6,3),(848,1,6,1),(848,2,6,3),(849,1,6,7),(849,2,6,2),(849,3,10,4),(85,1,6,2),(85,2,6,3),(85,3,7,6),(850,1,6,4),(850,2,6,2),(851,1,6,2),(851,2,7,6),(852,1,7,6),(852,2,6,4),(853,1,6,4),(853,2,6,3),(854,1,6,1),(854,2,0,0),(855,1,7,5),(855,2,6,4),(856,1,7,6),(856,2,7,5),(857,1,6,3),(857,2,6,3),(858,1,6,4),(858,2,6,2),(859,1,6,4),(859,2,6,4),(86,1,6,2),(86,2,6,4),(86,3,6,4),(860,1,6,3),(860,2,6,2),(861,1,6,3),(861,2,6,2),(862,1,6,4),(862,2,6,7),(862,3,6,3),(863,1,6,3),(863,2,6,7),(863,3,7,6),(864,1,6,1),(864,2,6,4),(865,1,7,6),(865,2,6,2),(866,1,6,3),(866,2,5,7),(866,3,6,4),(867,1,7,5),(867,2,6,4),(868,1,7,6),(868,2,6,3),(869,1,6,2),(869,2,6,2),(87,1,6,4),(87,2,6,0),(87,3,6,3),(870,1,6,3),(870,2,6,2),(871,1,6,3),(871,2,7,5),(872,1,6,2),(872,2,3,0),(873,1,6,2),(873,2,2,6),(873,3,6,4),(874,1,6,7),(874,2,7,5),(874,3,6,3),(875,1,6,0),(875,2,1,6),(875,3,7,5),(876,1,6,4),(876,2,6,2),(877,1,7,6),(877,2,6,1),(878,1,4,6),(878,2,7,5),(878,3,6,4),(879,1,7,6),(879,2,6,4),(88,1,6,4),(88,2,6,1),(88,3,6,2),(880,1,0,0),(881,1,6,3),(881,2,4,6),(881,3,6,3),(882,1,7,6),(882,2,5,7),(882,3,6,2),(883,1,7,5),(883,2,6,2),(884,1,6,3),(884,2,2,6),(884,3,10,8),(885,1,6,3),(885,2,6,4),(886,1,7,6),(886,2,6,3),(887,1,6,4),(887,2,6,1),(888,1,7,5),(888,2,0,6),(888,3,10,7),(889,1,4,6),(889,2,7,5),(889,3,10,8),(89,1,6,4),(89,2,7,5),(89,3,6,1),(890,1,6,3),(890,2,7,5),(891,1,7,5),(891,2,6,2),(892,1,0,0),(893,1,6,4),(893,2,6,4),(894,1,6,3),(894,2,6,4),(895,1,6,4),(895,2,7,6),(896,1,4,6),(896,2,6,3),(896,3,10,3),(897,1,7,6),(897,2,6,2),(898,1,6,4),(898,2,6,4),(899,1,7,6),(899,2,6,4),(9,1,7,6),(9,2,6,7),(9,3,6,4),(9,4,7,6),(90,1,6,4),(90,2,6,4),(90,3,3,6),(90,4,6,4),(900,1,6,2),(900,2,7,6),(901,1,6,4),(901,2,6,4),(902,1,7,6),(902,2,6,3),(903,1,6,2),(903,2,6,7),(903,3,7,5),(904,1,7,6),(904,2,6,3),(905,1,7,6),(905,2,6,3),(906,1,6,2),(906,2,6,4),(907,1,3,6),(907,2,6,2),(907,3,7,6),(908,1,7,6),(908,2,6,3),(909,1,6,4),(909,2,3,6),(909,3,6,1),(91,1,7,6),(91,2,4,6),(91,3,6,7),(91,4,6,4),(91,5,4,0),(910,1,4,6),(910,2,2,1),(911,1,5,7),(911,2,6,4),(911,3,6,4),(912,1,6,2),(912,2,6,1),(913,1,6,2),(913,2,6,1),(914,1,2,6),(914,2,6,3),(914,3,6,4),(915,1,6,1),(915,2,6,4),(916,1,6,7),(916,2,6,2),(916,3,6,4),(917,1,7,6),(917,2,7,6),(918,1,5,7),(918,2,6,1),(918,3,6,2),(919,1,7,6),(919,2,7,6),(92,1,7,6),(92,2,7,5),(92,3,6,4),(920,1,6,3),(920,2,7,5),(921,1,7,5),(921,2,6,1),(922,1,6,4),(922,2,7,6),(923,1,2,6),(923,2,7,6),(923,3,6,4),(924,1,6,2),(924,2,7,6),(925,1,6,4),(925,2,6,0),(926,1,6,2),(926,2,6,3),(927,1,6,4),(927,2,6,3),(928,1,2,6),(928,2,6,3),(928,3,6,4),(929,1,2,6),(929,2,6,4),(929,3,10,5),(93,1,6,3),(93,2,2,6),(93,3,6,4),(93,4,6,4),(930,1,6,4),(930,2,6,2),(931,1,6,2),(931,2,7,5),(932,1,7,5),(932,2,7,6),(933,1,5,7),(933,2,6,3),(933,3,10,7),(934,1,7,6),(934,2,5,7),(934,3,10,6),(935,1,6,1),(935,2,4,6),(935,3,10,5),(936,1,6,3),(936,2,6,4),(937,1,6,1),(937,2,7,5),(938,1,1,6),(938,2,6,4),(938,3,10,5),(939,1,6,2),(939,2,6,4),(94,1,6,4),(94,2,6,3),(94,3,6,2),(940,1,6,7),(940,2,7,6),(940,3,10,3),(941,1,4,6),(941,2,6,3),(941,3,10,8),(942,1,6,3),(942,2,6,4),(943,1,6,1),(943,2,6,4),(95,1,7,5),(95,2,6,3),(95,3,4,6),(95,4,6,2),(96,1,6,3),(96,2,6,3),(96,3,7,6),(97,1,6,3),(97,2,6,4),(97,3,5,7),(97,4,6,1),(98,1,6,0),(98,2,4,6),(98,3,7,5),(98,4,6,3),(99,1,6,4),(99,2,6,7),(99,3,6,2),(99,4,6,1);
/*!40000 ALTER TABLE `SET_SCORES` ENABLE KEYS */;
UNLOCK TABLES;

--
-- Table structure for table `TIEBREAKERS`
--

DROP TABLE IF EXISTS `TIEBREAKERS`;
/*!40101 SET @saved_cs_client     = @@character_set_client */;
/*!40101 SET character_set_client = utf8 */;
CREATE TABLE `TIEBREAKERS` (
  `tb_m_id` int(11) DEFAULT NULL,
  `tb_set_num` int(11) DEFAULT NULL,
  `tb_winner` int(11) DEFAULT NULL,
  `tb_loser_tb` int(11) DEFAULT NULL
) ENGINE=InnoDB DEFAULT CHARSET=utf8mb4;
/*!40101 SET character_set_client = @saved_cs_client */;

--
-- Dumping data for table `TIEBREAKERS`
--

LOCK TABLES `TIEBREAKERS` WRITE;
/*!40000 ALTER TABLE `TIEBREAKERS` DISABLE KEYS */;
INSERT INTO `TIEBREAKERS` VALUES (101,1,5,7),(103,1,7,2),(103,4,7,2),(104,3,7,4),(105,1,7,3),(107,1,7,1),(108,1,9,7),(114,2,7,4),(117,4,7,5),(118,3,7,4),(119,1,3,7),(12,1,2,7),(120,2,7,2),(126,1,7,2),(131,1,8,10),(131,3,7,4),(132,3,7,5),(133,2,7,9),(135,1,7,1),(14,3,8,6),(140,2,7,5),(143,1,8,6),(144,2,7,5),(146,2,9,7),(147,2,2,7),(148,3,7,2),(152,1,7,5),(152,2,6,8),(153,2,4,7),(156,2,7,1),(16,2,7,2),(161,1,7,4),(164,2,8,6),(164,3,7,3),(17,2,0,7),(170,2,5,7),(172,3,7,4),(173,1,7,5),(175,2,7,5),(176,1,14,12),(178,1,7,4),(179,2,9,7),(18,2,4,7),(18,3,7,5),(181,1,7,4),(182,1,7,0),(185,1,7,4),(188,3,10,8),(192,4,7,5),(193,1,5,7),(194,1,2,7),(195,1,7,9),(195,2,7,1),(199,1,6,8),(200,1,7,3),(203,3,3,7),(203,4,7,4),(205,3,7,2),(21,3,5,7),(21,4,5,7),(210,1,5,7),(212,1,7,1),(222,2,7,3),(223,1,7,4),(223,4,5,7),(225,2,5,7),(225,3,7,5),(231,3,7,1),(232,2,7,3),(232,3,7,3),(233,3,3,7),(236,4,1,7),(239,1,4,7),(240,1,7,4),(249,3,7,2),(250,1,7,4),(252,1,8,6),(254,3,10,8),(26,2,7,3),(260,1,7,2),(261,3,3,7),(263,3,7,9),(266,1,7,4),(27,1,7,9),(27,2,7,1),(273,3,7,4),(275,3,8,6),(276,4,7,2),(278,4,7,2),(279,1,10,8),(28,2,7,2),(281,1,7,4),(284,4,7,3),(287,1,3,7),(287,2,7,3),(289,2,4,7),(291,1,7,5),(291,4,7,5),(294,1,7,2),(294,4,7,4),(295,2,7,2),(297,1,7,4),(298,1,3,7),(3,1,8,6),(30,2,1,7),(302,1,7,3),(304,2,7,1),(304,4,7,2),(306,3,7,1),(308,1,7,5),(309,3,7,5),(31,1,18,20),(31,2,7,2),(314,2,7,5),(314,3,9,7),(32,1,5,7),(32,3,7,2),(322,1,10,8),(323,2,3,7),(332,2,6,8),(338,1,7,3),(34,4,4,7),(340,1,7,4),(340,2,7,2),(342,1,2,7),(345,3,8,6),(346,2,8,6),(350,2,1,7),(350,3,8,6),(351,2,7,5),(356,1,7,4),(357,2,10,8),(37,2,4,7),(37,3,5,7),(37,4,7,3),(371,1,7,4),(376,3,8,6),(381,3,4,7),(383,1,4,7),(383,2,7,4),(383,3,7,5),(385,1,7,4),(386,1,2,7),(388,2,7,0),(39,3,7,3),(392,1,7,5),(392,4,6,8),(393,2,7,3),(394,2,2,7),(395,1,8,6),(397,2,7,1),(398,1,7,4),(398,3,8,6),(399,3,7,4),(401,2,7,4),(402,1,4,7),(402,4,6,8),(404,1,5,7),(407,4,8,6),(409,1,7,1),(410,2,8,10),(411,1,8,6),(411,3,7,4),(412,2,7,5),(414,4,7,4),(415,2,7,4),(426,1,7,3),(426,2,4,7),(431,2,7,5),(431,3,9,7),(432,3,7,0),(433,1,2,7),(433,5,7,2),(435,2,7,1),(437,1,3,7),(437,2,7,2),(438,2,5,7),(439,2,7,4),(439,3,8,6),(445,3,7,4),(446,1,3,7),(446,5,7,5),(45,1,7,5),(450,2,7,4),(450,3,9,11),(450,4,7,1),(457,2,6,8),(460,4,7,9),(461,1,7,4),(465,3,1,7),(467,1,4,7),(467,2,7,5),(467,5,7,2),(471,3,8,6),(474,1,7,2),(476,1,4,7),(477,3,7,5),(478,1,7,2),(478,3,7,3),(48,1,10,8),(483,3,7,5),(485,3,7,5),(486,1,7,5),(489,2,5,7),(49,3,5,7),(490,4,7,5),(491,1,7,3),(493,1,8,6),(495,5,7,4),(496,3,5,7),(497,2,7,2),(497,3,6,8),(498,3,8,6),(499,1,3,7),(499,3,7,4),(50,2,7,1),(500,1,7,5),(500,2,7,4),(502,2,9,7),(506,1,7,4),(506,2,7,2),(508,1,8,6),(515,1,1,7),(519,1,10,8),(524,3,7,1),(526,1,7,4),(528,1,7,5),(529,1,7,3),(53,3,7,3),(536,2,7,5),(547,1,5,7),(549,1,7,2),(549,2,7,4),(55,1,4,7),(55,2,8,6),(551,1,7,5),(552,2,7,5),(554,1,4,7),(556,2,7,4),(559,1,7,5),(559,2,7,4),(562,2,7,4),(567,1,7,2),(57,1,5,7),(57,3,1,3),(572,3,8,6),(573,1,7,5),(574,1,7,2),(574,3,9,11),(576,2,7,4),(58,1,7,5),(580,2,6,8),(581,1,5,7),(582,1,7,4),(584,1,7,5),(585,2,7,4),(586,3,7,3),(589,1,10,8),(59,3,7,4),(591,1,7,4),(593,4,7,4),(595,3,7,5),(596,1,7,2),(6,1,10,8),(6,4,7,3),(600,1,7,4),(602,1,14,12),(602,3,7,3),(603,1,7,2),(604,2,7,5),(605,3,7,3),(608,1,3,7),(61,2,4,7),(611,2,7,5),(613,1,7,3),(614,2,8,6),(615,2,7,4),(615,3,7,3),(618,1,7,5),(621,2,7,4),(623,3,5,7),(623,4,8,10),(624,1,7,9),(624,2,7,9),(624,3,7,4),(625,4,5,7),(63,1,8,6),(631,2,7,0),(633,2,7,4),(635,3,7,4),(637,2,7,5),(639,3,2,7),(639,4,10,8),(640,3,3,7),(641,4,7,1),(642,3,7,3),(647,1,7,3),(648,1,7,3),(648,2,7,5),(650,3,7,5),(651,2,7,4),(651,3,7,1),(653,2,7,5),(653,3,4,7),(655,1,4,7),(655,3,7,4),(655,4,7,4),(657,4,7,3),(658,1,7,4),(658,2,7,2),(658,4,7,4),(659,1,8,6),(659,3,3,7),(66,1,7,0),(660,3,8,10),(661,2,7,5),(663,3,7,2),(666,3,7,4),(667,3,7,5),(668,4,7,4),(670,3,7,2),(673,2,7,4),(677,1,7,4),(677,2,6,8),(677,4,7,5),(678,2,7,2),(678,3,7,3),(68,1,7,5),(680,2,7,5),(681,3,7,9),(683,3,7,5),(684,3,8,6),(686,1,7,5),(686,2,7,5),(687,1,10,8),(687,2,7,2),(687,4,7,5),(688,3,6,8),(690,1,7,2),(691,3,7,2),(691,4,7,3),(692,1,7,4),(692,2,11,9),(692,3,3,7),(693,1,7,1),(696,1,9,7),(696,3,7,3),(698,1,9,7),(699,1,7,4),(700,2,3,7),(702,2,7,9),(704,1,7,2),(705,2,4,7),(705,3,7,4),(705,4,7,5),(706,1,14,12),(707,1,5,7),(707,2,8,6),(708,2,7,4),(709,1,7,2),(712,1,7,4),(714,1,3,7),(714,3,10,8),(716,1,7,4),(717,3,7,5),(718,2,7,1),(719,2,7,4),(720,1,7,2),(722,3,8,6),(723,2,3,7),(727,1,7,5),(727,2,8,6),(728,2,7,4),(729,2,7,4),(73,1,4,7),(731,4,7,5),(734,1,7,2),(734,3,7,4),(734,4,10,8),(735,1,5,7),(735,3,7,5),(735,4,11,9),(736,1,7,4),(736,2,7,4),(736,4,7,3),(737,2,7,4),(737,4,9,7),(740,1,7,2),(741,1,7,3),(742,3,5,7),(742,4,9,11),(743,1,7,0),(743,2,4,7),(743,3,7,4),(743,4,3,7),(745,3,7,4),(746,1,7,5),(749,2,6,8),(749,3,7,2),(749,4,9,11),(75,2,5,7),(754,1,8,6),(754,2,5,7),(757,1,7,4),(757,3,8,6),(758,1,10,8),(759,1,5,7),(764,1,7,3),(769,1,7,3),(773,1,7,2),(775,2,7,4),(78,4,7,4),(780,1,7,2),(787,1,7,3),(787,2,10,8),(79,2,7,4),(796,1,7,3),(803,2,3,7),(805,1,9,11),(815,1,7,4),(820,2,8,6),(83,1,7,3),(833,1,7,3),(835,1,8,6),(836,1,7,4),(837,1,7,4),(839,1,7,1),(839,2,3,7),(840,1,7,5),(846,1,4,7),(847,1,7,3),(849,1,4,7),(85,3,7,4),(851,2,7,4),(852,1,7,5),(856,1,7,5),(862,2,5,7),(863,2,4,7),(863,3,7,2),(865,1,7,2),(868,1,7,4),(874,1,5,7),(877,1,7,5),(879,1,7,2),(882,1,9,7),(886,1,7,3),(895,2,7,4),(897,1,7,5),(899,1,7,5),(9,1,7,2),(9,2,9,11),(9,4,7,5),(900,2,7,5),(902,1,7,5),(903,2,5,7),(904,1,7,4),(905,1,7,3),(907,3,7,5),(908,1,8,6),(91,1,9,7),(91,3,3,7),(916,1,7,9),(917,1,7,5),(917,2,7,5),(919,1,7,4),(919,2,7,3),(92,1,7,4),(922,2,7,5),(923,2,7,5),(924,2,7,5),(932,2,7,5),(934,1,7,4),(940,1,5,7),(940,2,8,6),(96,3,7,5),(99,2,5,7),(101,1,5,7),(103,1,7,2),(103,4,7,2),(104,3,7,4),(105,1,7,3),(107,1,7,1),(108,1,9,7),(114,2,7,4),(117,4,7,5),(118,3,7,4),(119,1,3,7),(12,1,2,7),(120,2,7,2),(126,1,7,2),(131,1,8,10),(131,3,7,4),(132,3,7,5),(133,2,7,9),(135,1,7,1),(14,3,8,6),(140,2,7,5),(143,1,8,6),(144,2,7,5),(146,2,9,7),(147,2,2,7),(148,3,7,2),(152,1,7,5),(152,2,6,8),(153,2,4,7),(156,2,7,1),(16,2,7,2),(161,1,7,4),(164,2,8,6),(164,3,7,3),(17,2,0,7),(170,2,5,7),(172,3,7,4),(173,1,7,5),(175,2,7,5),(176,1,14,12),(178,1,7,4),(179,2,9,7),(18,2,4,7),(18,3,7,5),(181,1,7,4),(182,1,7,0),(185,1,7,4),(188,3,10,8),(192,4,7,5),(193,1,5,7),(194,1,2,7),(195,1,7,9),(195,2,7,1),(199,1,6,8),(200,1,7,3),(203,3,3,7),(203,4,7,4),(205,3,7,2),(21,3,5,7),(21,4,5,7),(210,1,5,7),(212,1,7,1),(222,2,7,3),(223,1,7,4),(223,4,5,7),(225,2,5,7),(225,3,7,5),(231,3,7,1),(232,2,7,3),(232,3,7,3),(233,3,3,7),(236,4,1,7),(239,1,4,7),(240,1,7,4),(249,3,7,2),(250,1,7,4),(252,1,8,6),(254,3,10,8),(26,2,7,3),(260,1,7,2),(261,3,3,7),(263,3,7,9),(266,1,7,4),(27,1,7,9),(27,2,7,1),(273,3,7,4),(275,3,8,6),(276,4,7,2),(278,4,7,2),(279,1,10,8),(28,2,7,2),(281,1,7,4),(284,4,7,3),(287,1,3,7),(287,2,7,3),(289,2,4,7),(291,1,7,5),(291,4,7,5),(294,1,7,2),(294,4,7,4),(295,2,7,2),(297,1,7,4),(298,1,3,7),(3,1,8,6),(30,2,1,7),(302,1,7,3),(304,2,7,1),(304,4,7,2),(306,3,7,1),(308,1,7,5),(309,3,7,5),(31,1,18,20),(31,2,7,2),(314,2,7,5),(314,3,9,7),(32,1,5,7),(32,3,7,2),(322,1,10,8),(323,2,3,7),(332,2,6,8),(338,1,7,3),(34,4,4,7),(340,1,7,4),(340,2,7,2),(342,1,2,7),(345,3,8,6),(346,2,8,6),(350,2,1,7),(350,3,8,6),(351,2,7,5),(356,1,7,4),(357,2,10,8),(37,2,4,7),(37,3,5,7),(37,4,7,3),(371,1,7,4),(376,3,8,6),(381,3,4,7),(383,1,4,7),(383,2,7,4),(383,3,7,5),(385,1,7,4),(386,1,2,7),(388,2,7,0),(39,3,7,3),(392,1,7,5),(392,4,6,8),(393,2,7,3),(394,2,2,7),(395,1,8,6),(397,2,7,1),(398,1,7,4),(398,3,8,6),(399,3,7,4),(401,2,7,4),(402,1,4,7),(402,4,6,8),(404,1,5,7),(407,4,8,6),(409,1,7,1),(410,2,8,10),(411,1,8,6),(411,3,7,4),(412,2,7,5),(414,4,7,4),(415,2,7,4),(426,1,7,3),(426,2,4,7),(431,2,7,5),(431,3,9,7),(432,3,7,0),(433,1,2,7),(433,5,7,2),(435,2,7,1),(437,1,3,7),(437,2,7,2),(438,2,5,7),(439,2,7,4),(439,3,8,6),(445,3,7,4),(446,1,3,7),(446,5,7,5),(45,1,7,5),(450,2,7,4),(450,3,9,11),(450,4,7,1),(457,2,6,8),(460,4,7,9),(461,1,7,4),(465,3,1,7),(467,1,4,7),(467,2,7,5),(467,5,7,2),(471,3,8,6),(474,1,7,2),(476,1,4,7),(477,3,7,5),(478,1,7,2),(478,3,7,3),(48,1,10,8),(483,3,7,5),(485,3,7,5),(486,1,7,5),(489,2,5,7),(49,3,5,7),(490,4,7,5),(491,1,7,3),(493,1,8,6),(495,5,7,4),(496,3,5,7),(497,2,7,2),(497,3,6,8),(498,3,8,6),(499,1,3,7),(499,3,7,4),(50,2,7,1),(500,1,7,5),(500,2,7,4),(502,2,9,7),(506,1,7,4),(506,2,7,2),(508,1,8,6),(515,1,1,7),(519,1,10,8),(524,3,7,1),(526,1,7,4),(528,1,7,5),(529,1,7,3),(53,3,7,3),(536,2,7,5),(547,1,5,7),(549,1,7,2),(549,2,7,4),(55,1,4,7),(55,2,8,6),(551,1,7,5),(552,2,7,5),(554,1,4,7),(556,2,7,4),(559,1,7,5),(559,2,7,4),(562,2,7,4),(567,1,7,2),(57,1,5,7),(57,3,1,3),(572,3,8,6),(573,1,7,5),(574,1,7,2),(574,3,9,11),(576,2,7,4),(58,1,7,5),(580,2,6,8),(581,1,5,7),(582,1,7,4),(584,1,7,5),(585,2,7,4),(586,3,7,3),(589,1,10,8),(59,3,7,4),(591,1,7,4),(593,4,7,4),(595,3,7,5),(596,1,7,2),(6,1,10,8),(6,4,7,3),(600,1,7,4),(602,1,14,12),(602,3,7,3),(603,1,7,2),(604,2,7,5),(605,3,7,3),(608,1,3,7),(61,2,4,7),(611,2,7,5),(613,1,7,3),(614,2,8,6),(615,2,7,4),(615,3,7,3),(618,1,7,5),(621,2,7,4),(623,3,5,7),(623,4,8,10),(624,1,7,9),(624,2,7,9),(624,3,7,4),(625,4,5,7),(63,1,8,6),(631,2,7,0),(633,2,7,4),(635,3,7,4),(637,2,7,5),(639,3,2,7),(639,4,10,8),(640,3,3,7),(641,4,7,1),(642,3,7,3),(647,1,7,3),(648,1,7,3),(648,2,7,5),(650,3,7,5),(651,2,7,4),(651,3,7,1),(653,2,7,5),(653,3,4,7),(655,1,4,7),(655,3,7,4),(655,4,7,4),(657,4,7,3),(658,1,7,4),(658,2,7,2),(658,4,7,4),(659,1,8,6),(659,3,3,7),(66,1,7,0),(660,3,8,10),(661,2,7,5),(663,3,7,2),(666,3,7,4),(667,3,7,5),(668,4,7,4),(670,3,7,2),(673,2,7,4),(677,1,7,4),(677,2,6,8),(677,4,7,5),(678,2,7,2),(678,3,7,3),(68,1,7,5),(680,2,7,5),(681,3,7,9),(683,3,7,5),(684,3,8,6),(686,1,7,5),(686,2,7,5),(687,1,10,8),(687,2,7,2),(687,4,7,5),(688,3,6,8),(690,1,7,2),(691,3,7,2),(691,4,7,3),(692,1,7,4),(692,2,11,9),(692,3,3,7),(693,1,7,1),(696,1,9,7),(696,3,7,3),(698,1,9,7),(699,1,7,4),(700,2,3,7),(702,2,7,9),(704,1,7,2),(705,2,4,7),(705,3,7,4),(705,4,7,5),(706,1,14,12),(707,1,5,7),(707,2,8,6),(708,2,7,4),(709,1,7,2),(712,1,7,4),(714,1,3,7),(714,3,10,8),(716,1,7,4),(717,3,7,5),(718,2,7,1),(719,2,7,4),(720,1,7,2),(722,3,8,6),(723,2,3,7),(727,1,7,5),(727,2,8,6),(728,2,7,4),(729,2,7,4),(73,1,4,7),(731,4,7,5),(734,1,7,2),(734,3,7,4),(734,4,10,8),(735,1,5,7),(735,3,7,5),(735,4,11,9),(736,1,7,4),(736,2,7,4),(736,4,7,3),(737,2,7,4),(737,4,9,7),(740,1,7,2),(741,1,7,3),(742,3,5,7),(742,4,9,11),(743,1,7,0),(743,2,4,7),(743,3,7,4),(743,4,3,7),(745,3,7,4),(746,1,7,5),(749,2,6,8),(749,3,7,2),(749,4,9,11),(75,2,5,7),(754,1,8,6),(754,2,5,7),(757,1,7,4),(757,3,8,6),(758,1,10,8),(759,1,5,7),(764,1,7,3),(769,1,7,3),(773,1,7,2),(775,2,7,4),(78,4,7,4),(780,1,7,2),(787,1,7,3),(787,2,10,8),(79,2,7,4),(796,1,7,3),(803,2,3,7),(805,1,9,11),(815,1,7,4),(820,2,8,6),(83,1,7,3),(833,1,7,3),(835,1,8,6),(836,1,7,4),(837,1,7,4),(839,1,7,1),(839,2,3,7),(840,1,7,5),(846,1,4,7),(847,1,7,3),(849,1,4,7),(85,3,7,4),(851,2,7,4),(852,1,7,5),(856,1,7,5),(862,2,5,7),(863,2,4,7),(863,3,7,2),(865,1,7,2),(868,1,7,4),(874,1,5,7),(877,1,7,5),(879,1,7,2),(882,1,9,7),(886,1,7,3),(895,2,7,4),(897,1,7,5),(899,1,7,5),(9,1,7,2),(9,2,9,11),(9,4,7,5),(900,2,7,5),(902,1,7,5),(903,2,5,7),(904,1,7,4),(905,1,7,3),(907,3,7,5),(908,1,8,6),(91,1,9,7),(91,3,3,7),(916,1,7,9),(917,1,7,5),(917,2,7,5),(919,1,7,4),(919,2,7,3),(92,1,7,4),(922,2,7,5),(923,2,7,5),(924,2,7,5),(932,2,7,5),(934,1,7,4),(940,1,5,7),(940,2,8,6),(96,3,7,5),(99,2,5,7);
/*!40000 ALTER TABLE `TIEBREAKERS` ENABLE KEYS */;
UNLOCK TABLES;

--
-- Table structure for table `TOURNAMENTS`
--

DROP TABLE IF EXISTS `TOURNAMENTS`;
/*!40101 SET @saved_cs_client     = @@character_set_client */;
/*!40101 SET character_set_client = utf8 */;
CREATE TABLE `TOURNAMENTS` (
  `t_id` int(11) NOT NULL,
  `t_name` varchar(20) NOT NULL,
  `t_location` varchar(30) DEFAULT NULL,
  `t_start_date` date DEFAULT NULL,
  `t_end_date` date DEFAULT NULL,
  `t_num_rounds` int(11) DEFAULT NULL,
  `t_type` varchar(7) DEFAULT NULL,
  `t_surface` varchar(10) DEFAULT NULL,
  PRIMARY KEY (`t_id`),
  CONSTRAINT `CONSTRAINT_1` CHECK (`t_type` in ('Singles','Doubles')),
  CONSTRAINT `CONSTRAINT_2` CHECK (`t_surface` in ('Clay','Grass','Hard'))
) ENGINE=InnoDB DEFAULT CHARSET=utf8mb4;
/*!40101 SET character_set_client = @saved_cs_client */;

--
-- Dumping data for table `TOURNAMENTS`
--

LOCK TABLES `TOURNAMENTS` WRITE;
/*!40000 ALTER TABLE `TOURNAMENTS` DISABLE KEYS */;
INSERT INTO `TOURNAMENTS` VALUES (0,'Australian Open','Melbourne, Australia','2007-01-15','2007-01-28',7,'Singles','Hard'),(1,'Australian Open','Melbourne, Australia','2007-01-15','2007-01-28',6,'Doubles','Hard'),(2,'French Open','Roland Garros, Paris, France','2007-05-26','2007-06-10',7,'Singles','Clay'),(3,'French Open','Roland Garros, Paris, France','2007-05-26','2007-06-10',6,'Doubles','Clay'),(4,'US Open','Flushing Meadows, NY, USA','2007-08-27','2007-09-09',7,'Singles','Hard'),(5,'US Open','Flushing Meadows, NY, USA','2007-08-27','2007-09-09',6,'Doubles','Hard'),(6,'Wimbledon','London, Great Britain','2007-06-25','2007-07-08',7,'Singles','Grass'),(7,'Wimbledon','London, Great Britain','2007-06-25','2007-07-08',6,'Doubles','Grass'),(8,'Heineken Open','Auckland, New Zealand','2007-01-08','2007-01-14',5,'Singles','Hard'),(9,'Heineken Open','Auckland, New Zealand','2007-01-08','2007-01-14',4,'Doubles','Hard'),(10,'Brasil Open 2007','Costa do Sauipe, Brasil','2007-02-12','2007-02-18',5,'Singles','Clay'),(11,'Brasil Open 2007','Costa do Sauipe, Brasil','2007-02-12','2007-02-18',4,'Doubles','Clay'),(12,'Countrywide Classic','Los Angeles, CA, USA','2007-07-16','2007-07-22',5,'Singles','Hard'),(13,'Countrywide Classic','Los Angeles, CA, USA','2007-07-16','2007-07-22',4,'Doubles','Hard'),(14,'BMW Open','Munich, Germany','2007-04-30','2007-05-06',5,'Singles','Clay'),(15,'BMW Open','Munich, Germany','2007-04-30','2007-05-06',4,'Doubles','Clay');
/*!40000 ALTER TABLE `TOURNAMENTS` ENABLE KEYS */;
UNLOCK TABLES;
/*!40103 SET TIME_ZONE=@OLD_TIME_ZONE */;

/*!40101 SET SQL_MODE=@OLD_SQL_MODE */;
/*!40014 SET FOREIGN_KEY_CHECKS=@OLD_FOREIGN_KEY_CHECKS */;
/*!40014 SET UNIQUE_CHECKS=@OLD_UNIQUE_CHECKS */;
/*!40101 SET CHARACTER_SET_CLIENT=@OLD_CHARACTER_SET_CLIENT */;
/*!40101 SET CHARACTER_SET_RESULTS=@OLD_CHARACTER_SET_RESULTS */;
/*!40101 SET COLLATION_CONNECTION=@OLD_COLLATION_CONNECTION */;
/*!40111 SET SQL_NOTES=@OLD_SQL_NOTES */;

-- Dump completed on 2021-04-26 16:02:38
